Series 1;Series 2;Series 3;Series 4;Series 5;Series 6;Series 7
0,837;1,438;-1,629;0,916;-0,138;-0,234;9,087
0,032;1,059;-1,175;-0,394;-0,486;-0,286;8,895
0,488;-0,165;0,455;-2,384;-0,924;0,468;9,478
0,744;-1,268;2,141;-3,112;-1,757;-1,865;7,426
0,197;-1,256;2,119;-4,593;-0,199;-0,911;7,261
-0,181;-0,669;-0,323;-6,848;0,953;-1,218;6,408
-0,116;-0,364;-2,178;-12,048;-0,730;-0,129;6,766
-1,059;-0,744;-4,479;-18,241;-0,116;0,847;7,664
1,173;-1,646;-4,914;-26,297;-0,698;0,549;7,874
1,552;-0,843;-6,340;-34,950;0,183;0,824;8,479
-1,208;0,271;-6,760;-44,133;-1,275;0,555;8,704
-0,972;-0,680;-6,842;-53,541;-0,746;0,407;8,889
0,600;-0,182;-6,995;-63,876;0,145;-0,359;8,368
-0,986;-0,082;-7,832;-74,028;-1,531;-0,744;7,767
1,968;-1,517;-9,060;-84,102;-1,031;-0,877;7,188
-0,778;-1,462;-10,225;-94,023;-0,016;-0,508;7,031
-0,824;-1,366;-10,724;-104,333;1,003;-0,907;6,328
-0,748;-0,227;-10,933;-115,826;0,144;-0,357;6,333
-1,341;-1,774;-12,017;-128,563;-0,009;-0,026;6,450
0,077;-2,092;-12,297;-141,839;-0,170;-0,481;5,979
-1,572;-1,997;-13,383;-154,980;0,431;0,612;6,784
1,150;-1,494;-14,790;-167,462;0,220;-0,566;5,973
-0,156;-1,072;-17,520;-180,292;-0,175;-0,491;5,709
0,275;-0,469;-20,642;-192,672;-0,554;0,063;5,969
-0,965;0,365;-22,886;-206,522;0,374;-0,100;5,843
-0,288;0,396;-23,430;-221,332;1,037;0,543;6,426
-0,328;0,109;-22,599;-238,401;0,825;0,932;7,141
-1,123;1,344;-22,445;-258,238;0,104;-0,627;6,141
-0,156;2,859;-21,435;-279,512;0,164;0,093;6,485
0,237;2,906;-21,265;-301,042;-0,960;-0,878;5,570
-0,158;3,732;-19,623;-322,125;0,011;-0,137;5,784
0,434;5,079;-19,070;-344,600;-0,425;-0,050;5,789
-0,590;3,924;-17,544;-366,378;0,298;-0,592;5,217
0,749;4,878;-16,350;-387,751;0,557;-0,276;5,178
1,437;5,958;-14,712;-407,114;0,063;0,128;5,416
0,879;6,627;-13,797;-425,327;-0,901;-0,228;5,136
1,080;8,118;-13,385;-442,212;-0,119;-0,349;4,879
-0,187;8,623;-13,779;-457,116;0,119;-0,688;4,331
0,852;9,690;-14,061;-469,910;-0,129;-0,104;4,501
-1,405;9,174;-11,143;-482,464;0,352;-0,247;4,296
-0,619;8,733;-11,492;-494,580;0,277;0,043;4,438
-0,834;8,369;-12,454;-505,135;0,409;-0,386;4,035
-0,407;6,958;-13,300;-513,305;-0,582;0,411;4,600
0,532;6,087;-12,772;-519,788;-0,020;0,317;4,753
-0,838;8,191;-12,623;-524,187;0,391;0,216;4,842
1,522;8,663;-11,252;-525,975;-0,261;0,681;5,436
2,509;7,195;-9,845;-527,187;-0,011;0,520;5,684
1,981;7,158;-8,041;-527,132;0,512;0,266;5,742
0,128;8,645;-5,917;-524,724;0,279;0,542;6,178
0,434;7,652;-5,597;-520,636;0,504;0,291;6,251
1,934;7,787;-5,198;-513,780;-0,232;0,295;6,430
0,168;7,577;-5,776;-504,635;0,080;0,575;6,887
-0,241;6,539;-5,877;-492,628;0,740;0,802;7,459
-0,494;6,378;-5,535;-479,661;-0,523;0,248;7,386
-0,429;8,859;-5,778;-465,367;-0,306;0,721;8,008
2,258;10,292;-6,229;-449,358;0,030;-0,586;7,134
0,066;10,612;-5,990;-430,938;0,013;-0,632;6,736
0,222;9,202;-5,587;-409,799;0,403;0,046;7,035
-1,237;8,875;-6,495;-387,555;0,032;0,331;7,348
0,205;9,125;-6,592;-364,148;0,662;0,246;7,461
1,947;9,469;-6,873;-340,674;-0,517;1,127;8,490
0,694;9,264;-7,868;-317,197;-0,080;1,255;9,295
0,928;10,029;-8,333;-295,045;0,105;0,368;9,160
-0,025;10,153;-6,308;-274,403;0,792;1,166;10,179
-1,535;9,445;-3,825;-255,103;0,147;0,477;10,189
-2,487;9,221;-3,635;-235,676;-0,014;0,160;10,159
0,715;9,239;-4,832;-214,556;-0,558;-0,675;9,420
-0,998;10,375;-5,753;-193,653;0,306;-1,292;8,398
0,423;10,296;-6,632;-173,687;-0,114;-1,008;7,906
1,059;9,081;-5,789;-153,940;0,389;-0,635;7,674
0,704;8,010;-4,821;-133,974;-0,421;0,803;8,732
2,127;10,905;-2,244;-116,292;-0,122;1,033;9,443
0,879;11,522;-0,798;-100,209;0,172;0,247;9,277
-0,309;11,336;0,742;-84,655;0,436;-0,733;8,445
0,659;9,633;0,974;-69,658;-0,353;-0,905;7,834
1,440;9,084;-0,016;-54,010;-0,015;0,429;8,625
-4,818;8,648;-1,858;-37,521;0,814;1,233;9,686
-1,216;8,110;-3,024;-20,215;0,847;0,247;9,440
1,132;7,376;-5,663;-2,894;0,551;0,241;9,582
-0,390;7,428;-7,126;14,203;0,154;0,054;9,540
-2,398;8,370;-8,283;30,843;0,443;0,477;9,995
0,526;8,282;-8,939;47,357;0,422;0,767;10,571
0,232;9,689;-9,992;65,113;0,258;0,212;10,477
2,916;8,147;-10,951;83,746;-0,279;-0,397;9,995
-0,300;10,645;-12,668;103,015;0,539;0,347;10,500
0,501;9,389;-14,164;123,512;-0,107;0,013;10,375
-1,256;8,703;-14,963;144,162;-0,357;0,538;10,907
-0,809;9,234;-15,614;165,750;0,642;0,332;11,024
-1,125;8,553;-15,000;188,270;-0,025;0,180;11,071
1,314;5,809;-13,549;211,685;-0,171;0,128;11,128
0,134;5,218;-13,076;235,822;-0,551;-0,023;11,053
-0,839;3,884;-13,494;262,329;-0,514;0,479;11,541
-1,490;2,315;-13,496;289,568;-0,233;-0,060;11,290
0,497;3,132;-15,833;314,954;0,880;-0,195;11,118
-1,515;2,914;-16,650;338,425;0,966;0,207;11,403
0,821;3,578;-18,510;360,329;-0,267;-0,541;10,779
0,151;3,313;-18,707;382,230;0,006;-0,074;10,922
-0,074;3,710;-18,375;402,298;-0,468;-0,234;10,717
-1,383;4,451;-17,451;421,580;-0,143;-0,619;10,192
-2,260;5,277;-17,508;442,258;-0,446;-0,195;10,244
0,300;4,139;-17,363;464,195;-0,729;0,108;10,430
-2,491;4,179;-19,358;486,244;0,804;0,222;10,610
-0,038;2,770;-18,873;508,238;0,426;0,652;11,173
-0,070;2,080;-20,369;528,091;-0,427;0,417;11,329
0,027;2,496;-20,465;546,822;-1,145;0,025;11,187
0,054;0,231;-21,908;565,451;-0,738;-0,138;11,039
-1,087;-0,435;-24,081;585,279;-0,762;-0,139;10,956
-0,119;-0,274;-24,884;606,523;0,229;0,311;11,322
-0,192;0,545;-25,569;629,460;0,508;0,083;11,281
0,690;0,924;-26,726;654,717;0,783;-0,101;11,146
-0,394;0,497;-28,909;682,028;0,319;0,215;11,402
-0,954;0,143;-30,661;709,139;0,009;0,384;11,700
-1,688;-0,637;-29,593;734,696;-0,824;-0,492;11,054
-1,141;0,347;-28,797;758,890;0,315;-0,515;10,736
1,215;-1,526;-27,528;782,426;-1,360;0,100;11,042
-1,256;-3,323;-27,837;805,777;-1,068;0,273;11,275
-0,429;-3,628;-29,396;828,008;-0,550;0,197;11,362
-0,718;-4,824;-30,517;849,418;-0,314;-0,078;11,206
-0,448;-5,227;-29,633;869,791;-0,430;-0,006;11,231
-0,552;-3,575;-29,730;890,547;0,498;-0,585;10,648
0,618;-4,053;-30,198;910,249;0,171;-0,568;10,314
-0,363;-3,906;-30,321;929,213;-0,033;0,025;10,566
1,030;-4,214;-28,993;946,481;-0,352;0,690;11,246
-0,998;-6,154;-27,043;962,342;0,045;0,580;11,550
-0,266;-6,076;-27,700;978,529;-0,343;0,371;11,689
0,634;-5,681;-27,746;997,126;0,522;-0,417;11,124
1,558;-4,556;-28,098;1017,016;0,573;-0,498;10,793
1,153;-3,835;-27,584;1038,291;0,097;0,145;11,137
1,417;-3,224;-27,410;1059,993;-0,040;0,532;11,611
-0,073;-2,275;-28,520;1081,140;0,034;0,291;11,689
-1,072;-2,034;-28,547;1101,303;-0,777;0,477;12,050
0,254;-2,209;-29,016;1121,353;0,523;-0,699;11,160
-1,370;-1,996;-29,370;1142,429;-0,489;-0,405;11,035
0,895;-3,182;-29,038;1165,274;-0,151;-0,502;10,695
-1,116;-2,103;-28,531;1188,912;-0,262;-0,158;10,737
0,259;-2,743;-29,554;1211,815;-0,154;0,376;11,177
-0,298;-2,520;-30,101;1231,803;0,337;0,004;11,030
0,006;-3,204;-31,740;1248,579;-0,072;-0,581;10,448
2,074;-3,245;-32,913;1264,473;0,209;-0,742;9,938
0,553;-3,738;-34,536;1277,902;0,460;-0,358;9,876
0,073;-2,766;-34,765;1290,053;-0,654;-0,293;9,726
0,979;-2,737;-34,543;1302,038;0,215;-0,389;9,454
0,498;-1,664;-32,680;1313,550;-0,302;0,485;10,095
0,222;-0,632;-31,670;1325,814;0,073;0,855;10,756
0,558;-0,422;-30,312;1339,576;0,019;-0,609;9,805
-0,542;0,346;-30,072;1354,925;-0,246;0,069;10,118
0,167;-0,060;-28,784;1372,321;-0,080;-0,662;9,428
-0,686;-0,408;-27,573;1390,219;-0,176;-0,779;8,914
-1,646;0,248;-26,444;1409,901;-0,433;-0,163;9,062
-0,702;0,105;-26,659;1430,515;-0,116;1,352;10,479
-0,675;1,272;-25,609;1451,603;0,477;0,365;10,304
0,723;-0,327;-25,478;1473,945;-0,701;-0,186;9,972
-0,371;-1,783;-25,619;1497,430;0,424;-0,513;9,534
1,193;-1,457;-26,505;1522,309;0,049;-0,016;9,723
0,761;-1,903;-27,149;1548,398;0,006;-0,171;9,559
-0,459;-0,684;-29,062;1575,782;-0,177;-0,515;9,111
-1,490;-0,693;-29,241;1602,489;0,475;-0,206;9,111
-0,384;1,432;-30,788;1627,576;0,196;0,659;9,853
-1,107;1,320;-31,776;1649,307;-0,180;-0,112;9,477
2,645;1,488;-31,448;1668,934;0,220;-0,306;9,216
0,887;2,273;-29,088;1687,248;-0,006;-0,848;8,491
-0,035;2,507;-27,600;1704,752;-0,016;-1,189;7,641
2,944;2,527;-26,924;1720,033;0,343;-0,276;7,840
0,357;5,388;-26,640;1733,546;0,160;0,341;8,292
0,918;6,520;-26,785;1746,352;-0,320;-0,340;7,816
-0,348;6,043;-25,699;1761,535;0,032;0,383;8,335
-0,454;7,318;-24,058;1778,068;-0,484;-0,643;7,538
-0,574;6,710;-22,014;1795,335;-0,302;0,429;8,224
-2,392;7,986;-21,223;1814,118;0,399;0,975;9,028
-0,639;7,577;-21,325;1834,649;-0,307;0,235;8,874
-0,599;5,694;-22,471;1855,717;0,597;-0,443;8,337
-0,314;5,279;-23,342;1876,479;-0,101;0,131;8,645
-0,535;6,680;-24,365;1898,376;0,355;-0,116;8,477
1,313;6,068;-24,531;1921,520;-0,058;0,186;8,709
-0,573;4,878;-23,969;1944,059;0,324;-0,373;8,262
-0,463;5,932;-21,914;1966,369;0,097;0,439;8,849
1,924;4,978;-21,262;1987,285;-0,148;-0,237;8,436
-0,208;5,747;-20,954;2005,798;-0,574;0,067;8,599
0,102;4,396;-21,540;2022,771;-0,089;0,939;9,511
0,994;4,780;-19,407;2038,294;-1,200;0,061;9,196
-0,281;5,578;-17,227;2052,887;-0,416;0,181;9,353
1,408;4,502;-15,837;2065,742;-0,237;1,401;10,682
-0,181;4,870;-14,521;2076,321;-0,225;0,622;10,743
1,530;4,433;-14,012;2086,409;0,630;0,542;11,036
-1,292;4,293;-14,227;2096,244;0,365;0,453;11,272
-0,012;4,947;-14,037;2106,715;0,179;-0,344;10,747
0,641;5,238;-14,669;2119,369;0,119;-0,193;10,692
-0,981;4,414;-14,873;2133,322;-1,154;0,118;10,887
-1,094;4,650;-16,682;2145,751;0,780;-0,435;10,405
0,146;4,653;-17,524;2158,362;-0,161;-0,581;9,998
0,244;4,915;-19,680;2170,921;-0,242;0,156;10,386
-1,354;5,002;-21,211;2182,133;-0,359;-0,741;9,583
-1,570;5,439;-20,000;2191,445;0,649;-0,961;8,919
1,123;3,784;-18,155;2199,804;-0,189;0,262;9,565
0,621;3,244;-18,329;2207,903;0,607;-0,383;9,077
0,087;4,385;-20,357;2213,786;0,171;-0,431;8,799
0,465;3,970;-21,987;2218,684;0,227;-0,048;8,923
0,926;3,171;-22,102;2223,038;-0,031;0,217;9,160
0,553;3,098;-23,048;2225,841;-0,292;0,760;9,833
1,499;3,001;-21,543;2227,749;0,129;-0,066;9,463
0,617;2,658;-19,424;2229,005;-0,185;0,179;9,668
-2,816;2,201;-17,978;2230,500;0,146;0,463;10,060
-0,623;1,084;-16,124;2231,145;0,338;0,157;10,032
0,345;-0,965;-14,784;2229,537;0,216;0,372;10,341
-0,647;-1,946;-14,099;2225,843;-0,055;-0,160;10,032
-1,625;-2,858;-14,878;2219,833;-0,394;0,447;10,543
1,082;-3,411;-14,698;2212,516;-0,053;-0,722;9,642
0,913;-1,913;-16,097;2204,517;0,811;0,042;9,972
-0,863;-1,451;-18,310;2195,234;0,062;0,281;10,237
-1,252;-1,521;-20,306;2184,742;-0,579;0,401;10,525
2,477;-2,432;-20,744;2174,134;-0,143;-0,101;10,264
0,777;-3,517;-20,513;2164,009;0,536;-0,691;9,614
-0,199;-3,623;-19,438;2154,302;1,179;-0,810;9,080
-1,264;-2,830;-19,683;2145,000;-0,118;-0,964;8,440
1,035;-4,966;-20,347;2135,296;-0,347;-0,205;8,621
2,125;-4,753;-22,160;2125,737;0,071;0,342;9,044
-0,649;-6,283;-23,562;2115,794;-0,242;0,422;9,329
0,277;-7,087;-25,842;2107,166;0,084;-0,381;8,779
0,885;-9,261;-25,879;2100,291;-0,205;0,117;9,049
-2,102;-8,766;-25,762;2094,811;-0,616;0,213;9,216
0,743;-8,333;-25,193;2091,095;0,072;-0,133;8,997
0,124;-7,630;-25,326;2090,231;-0,052;0,031;9,081
-0,341;-8,079;-25,177;2089,812;-0,784;-0,436;8,633
3,754;-7,015;-25,284;2090,116;-0,117;-0,041;8,766
0,736;-8,494;-26,994;2091,762;0,506;0,250;9,033
1,224;-9,379;-28,681;2093,730;-0,632;-0,043;8,890
1,668;-9,740;-30,406;2096,120;0,138;0,136;9,043
0,021;-9,844;-31,080;2099,285;0,295;0,171;9,159
-1,412;-9,812;-31,115;2103,834;0,451;0,040;9,131
1,371;-9,397;-30,044;2109,843;0,713;0,476;9,591
0,157;-8,817;-29,701;2117,060;0,284;0,702;10,103
0,056;-8,908;-28,923;2126,629;-0,161;-0,307;9,514
2,372;-8,903;-28,139;2139,079;0,322;-0,192;9,445
1,384;-7,143;-26,168;2153,658;0,396;0,141;9,663
-0,661;-8,084;-26,121;2170,090;0,245;-0,326;9,281
1,738;-8,329;-27,561;2187,162;-0,391;-0,648;8,763
0,405;-8,130;-29,620;2203,140;-0,088;-1,252;7,770
0,157;-8,233;-31,799;2218,614;0,066;-0,402;7,869
-0,271;-6,861;-31,085;2234,230;0,105;0,839;8,869
0,666;-7,349;-30,194;2250,242;0,098;0,719;9,252
-3,314;-7,842;-28,679;2266,606;-0,633;1,140;10,105
-0,125;-8,785;-28,692;2283,991;0,119;0,558;10,207
0,496;-7,593;-28,552;2304,613;-0,306;1,429;11,413
-0,544;-7,325;-29,028;2326,919;0,315;0,558;11,399
-2,027;-7,287;-27,941;2349,641;-0,018;1,502;12,678
0,680;-6,030;-28,523;2373,652;-1,094;1,000;13,077
-1,299;-6,145;-29,117;2398,479;-0,133;-0,637;12,040
-0,595;-7,390;-30,926;2422,274;-0,571;-0,388;11,907
0,147;-7,230;-31,060;2443,456;-0,326;0,370;12,432
-0,671;-7,420;-30,897;2463,503;0,503;-0,518;11,766
0,876;-8,818;-30,630;2483,041;0,341;0,465;12,438
-0,651;-8,654;-31,292;2500,471;0,351;-0,096;12,156
0,959;-8,906;-31,876;2515,662;0,209;-0,509;11,685
-0,568;-9,701;-31,798;2528,259;0,032;0,028;11,917
-0,278;-9,895;-30,251;2539,573;0,288;1,045;12,951
-1,221;-9,726;-30,138;2549,181;-0,631;-0,122;12,411
-1,019;-8,572;-29,236;2556,424;-0,468;-0,113;12,346
0,664;-8,027;-28,441;2562,054;-0,390;-0,533;11,858
-2,234;-7,050;-27,440;2567,449;0,658;-0,320;11,751
1,918;-7,395;-29,180;2573,225;-0,092;-0,480;11,400
-0,896;-7,864;-29,797;2578,335;-0,470;0,129;11,720
-1,041;-7,692;-30,236;2583,053;0,033;-0,020;11,649
0,619;-5,643;-31,184;2587,592;-0,502;-0,037;11,619
1,417;-6,759;-31,096;2591,314;-0,101;-0,485;11,149
1,756;-7,606;-33,297;2595,096;0,381;-0,422;10,921
0,349;-7,734;-34,105;2599,859;-0,235;0,178;11,267
-0,440;-8,172;-36,323;2605,160;-0,543;0,565;11,761
-1,117;-8,552;-36,951;2611,124;-0,066;-0,044;11,491
0,056;-8,104;-37,134;2617,278;-0,183;-0,123;11,386
1,405;-7,618;-37,935;2623,244;-0,422;0,952;12,387
0,468;-7,930;-38,102;2628,948;-0,653;0,790;12,797
2,026;-7,906;-38,017;2636,264;-0,876;-0,847;11,634
2,564;-9,220;-38,089;2645,400;0,212;-0,115;11,858
0,548;-9,030;-37,510;2655,044;0,661;-0,218;11,685
1,329;-9,344;-37,891;2664,438;-0,642;-0,745;11,027
0,751;-10,012;-37,519;2672,237;0,199;-0,096;11,229
-0,288;-8,329;-37,725;2679,180;-0,191;0,198;11,466
-3,393;-6,728;-37,368;2686,306;0,124;0,003;11,390
-0,353;-7,635;-37,531;2693,886;0,264;0,657;12,045
-2,407;-8,905;-36,895;2703,278;0,581;-0,093;11,690
-0,661;-10,250;-36,546;2716,158;0,739;0,404;12,131
0,681;-10,943;-35,818;2732,503;-0,189;-0,468;11,502
-0,203;-12,380;-34,718;2751,672;-0,520;-0,683;11,006
1,150;-11,472;-33,718;2774,111;-0,808;-0,453;10,826
-4,027;-9,142;-31,363;2799,500;0,123;0,336;11,344
1,056;-8,902;-29,509;2830,146;-0,716;0,317;11,526
-2,000;-9,272;-30,960;2861,683;0,578;-0,024;11,375
1,791;-7,738;-30,898;2892,877;-0,003;-0,659;10,726
0,023;-7,423;-31,061;2923,946;-0,072;0,230;11,219
0,015;-8,331;-31,301;2957,745;-0,592;0,726;11,853
1,621;-8,574;-32,502;2992,799;0,138;0,596;12,159
-1,301;-8,383;-34,603;3029,033;0,090;0,393;12,313
-1,190;-7,893;-36,067;3065,982;0,323;-0,199;11,957
0,946;-7,466;-37,578;3104,024;0,275;0,135;12,172
2,080;-5,914;-38,431;3143,719;0,520;-0,655;11,462
1,055;-5,969;-39,065;3184,633;-0,317;-0,483;11,242
0,514;-5,517;-40,498;3225,207;0,514;-0,062;11,373
0,332;-4,520;-41,922;3264,825;0,302;-0,422;10,976
-0,235;-4,256;-42,200;3303,696;-0,070;0,358;11,502
-0,159;-6,332;-41,650;3340,763;0,232;0,293;11,653
;;;;0,278;-0,060;11,475
;;;;0,577;-0,316;11,183
;;;;-0,048;-1,475;9,835
;;;;-0,494;-0,066;10,359
;;;;-0,210;0,873;11,258
;;;;0,003;-0,865;10,044
;;;;0,111;-0,380;10,010
;;;;0,237;-1,184;8,978
;;;;-0,600;-0,462;8,990
;;;;-0,033;0,206;9,380
;;;;-0,311;0,439;9,737
;;;;-0,211;0,999;10,561
;;;;0,207;0,601;10,762
;;;;0,043;0,572;11,093
;;;;-0,255;-0,882;9,983
;;;;0,173;-0,511;9,824
;;;;0,283;-1,113;8,916
;;;;-0,066;0,613;9,974
;;;;0,225;0,957;10,686
;;;;-0,595;-0,063;10,240
;;;;-0,109;0,630;10,895
;;;;0,285;-0,104;10,539
;;;;-0,668;0,912;11,493
;;;;-0,454;0,866;11,994
;;;;-0,146;0,873;12,521
;;;;0,408;1,143;13,315
;;;;-0,502;1,464;14,321
;;;;0,336;0,727;14,463
;;;;-0,291;0,979;15,151
;;;;-0,319;0,529;15,288
;;;;-0,406;0,922;15,999
;;;;1,069;1,226;16,856
;;;;-1,207;0,338;16,704
;;;;0,461;-0,647;15,922
;;;;0,400;0,763;16,944
;;;;0,500;0,498;17,137
;;;;-0,312;-0,221;16,717
;;;;0,833;-0,291;16,515
;;;;0,171;-0,102;16,529
;;;;0,825;0,389;16,959
;;;;0,781;-0,318;16,485
;;;;-0,175;-0,017;16,596
;;;;0,288;-0,176;16,427
;;;;0,949;-0,313;16,184
;;;;0,877;0,632;16,942
;;;;0,569;-0,586;16,103
;;;;0,458;-0,360;15,977
;;;;0,565;-0,506;15,615
;;;;0,461;0,293;16,110
;;;;0,466;0,847;16,840
;;;;1,086;-0,086;16,415
;;;;0,015;0,767;17,217
;;;;-0,260;1,707;18,617
;;;;0,298;0,814;18,748
;;;;0,457;-0,273;18,149
;;;;-0,733;0,093;18,352
;;;;-1,029;0,005;18,319
;;;;-0,077;-1,127;17,190
;;;;0,055;-0,493;17,148
;;;;0,943;-0,167;17,178
;;;;0,759;-0,051;17,194
;;;;0,923;0,547;17,761
;;;;-0,062;-0,242;17,300
;;;;1,932;0,699;18,095
;;;;-0,346;-0,536;17,280
;;;;0,348;-0,457;17,037
;;;;0,617;-0,946;16,274
;;;;0,557;-0,915;15,737
;;;;0,024;-1,444;14,659
;;;;-0,448;-0,178;15,058
;;;;-0,205;-0,129;15,001
;;;;1,229;-0,051;15,001
;;;;-0,273;0,347;15,368
;;;;0,170;-0,898;14,332
;;;;0,604;-0,337;14,354
;;;;0,393;-0,054;14,434
;;;;0,502;0,389;14,845
;;;;-0,429;-0,770;13,919
;;;;0,279;-0,269;13,958
;;;;0,675;0,592;14,657
;;;;0,035;0,668;15,088
;;;;0,221;0,431;15,253
;;;;-0,450;-0,606;14,474
;;;;-0,052;-0,917;13,800
;;;;0,939;-0,650;13,516
;;;;-0,298;-0,067;13,709
;;;;0,849;-0,474;13,262
;;;;-0,387;0,035;13,486
;;;;-0,975;-0,819;12,653
;;;;0,674;0,751;13,732
;;;;-0,322;0,074;13,506
;;;;1,321;0,357;13,833
;;;;-0,273;-0,464;13,226
;;;;-0,473;0,001;13,413
;;;;0,944;0,107;13,519
;;;;0,774;-0,422;13,054
;;;;-0,080;1,209;14,433
;;;;1,279;0,624;14,573
;;;;-0,735;0,498;14,822
;;;;1,165;-0,390;14,232
;;;;-1,161;-0,361;14,027
;;;;-0,062;-0,198;13,974
;;;;1,353;0,342;14,394
;;;;0,527;0,863;15,121
;;;;-0,123;1,796;16,572
;;;;-1,083;1,193;17,046
;;;;-0,475;1,168;17,737
;;;;-1,068;0,511;17,781
;;;;-1,121;0,628;18,204
;;;;0,257;-0,294;17,659
;;;;0,895;-0,563;17,214
;;;;0,214;0,116;17,555
;;;;-0,200;0,127;17,635
;;;;-0,207;0,646;18,231
;;;;-1,166;1,117;19,089
;;;;0,248;0,340;18,982
;;;;-0,563;0,015;18,861
;;;;-0,579;-0,232;18,623
;;;;-0,118;-0,436;18,280
;;;;-0,220;0,331;18,785
;;;;0,821;-0,416;18,237
;;;;0,322;0,539;18,943
;;;;0,016;0,584;19,311
;;;;0,798;0,054;19,132
;;;;-0,551;0,101;19,211
;;;;0,424;0,087;19,258
;;;;-1,033;-0,931;18,292
;;;;-1,239;0,169;18,833
;;;;0,516;0,405;19,171
;;;;-0,466;-0,231;18,778
;;;;0,733;-0,615;18,255
;;;;0,000;-0,122;18,380
;;;;0,976;-0,443;17,985
;;;;-0,737;0,451;18,613
;;;;-0,448;-0,386;18,047
;;;;2,178;0,328;18,529
;;;;-0,166;0,096;18,494
;;;;-0,442;-0,071;18,385
;;;;-1,162;-0,255;18,159
;;;;-0,128;0,379;18,639
;;;;-1,175;0,408;18,896
;;;;1,389;0,176;18,909
;;;;0,576;-0,073;18,765
;;;;-0,042;-0,613;18,182
;;;;-0,864;0,896;19,323
;;;;-0,900;-0,137;18,828
;;;;-0,257;0,546;19,429
;;;;0,621;0,427;19,637
;;;;-0,383;-0,139;19,327
;;;;0,083;-1,230;18,153
;;;;-0,352;-0,166;18,479
;;;;-0,039;-0,660;17,886
;;;;0,361;-0,625;17,525
;;;;0,030;-0,168;17,607
;;;;0,243;0,428;18,101
;;;;-0,394;0,370;18,301
;;;;0,143;-0,110;18,043
;;;;-0,588;-0,113;17,974
;;;;-0,460;0,294;18,313
;;;;-0,206;0,495;18,690
;;;;1,349;0,425;18,917
;;;;1,511;0,622;19,370
;;;;1,032;0,471;19,592
;;;;-0,347;0,061;19,464
;;;;-0,578;-0,205;19,235
;;;;0,538;1,008;20,325
;;;;-0,793;0,809;20,730
;;;;-0,722;-0,016;20,390
;;;;1,230;-0,625;19,772
;;;;-0,334;-0,881;19,141
;;;;-0,107;-0,474;19,020
;;;;0,285;-1,148;18,061
;;;;-1,085;0,183;18,704
;;;;-0,171;0,276;18,907
;;;;-0,859;0,699;19,495
;;;;-0,721;-0,491;18,725
;;;;-0,070;-0,868;18,053
;;;;0,914;-0,892;17,509
;;;;0,478;-0,316;17,549
;;;;-1,278;-0,068;17,607
;;;;0,527;-0,464;17,170
;;;;-0,188;-0,163;17,193
;;;;0,361;1,020;18,278
;;;;0,056;1,151;19,021
;;;;0,264;1,384;19,945
;;;;0,063;1,895;21,286
;;;;-0,510;0,465;20,993
;;;;0,444;-1,081;19,725
;;;;-1,403;0,988;21,145
;;;;0,440;2,319;23,070
;;;;-0,888;0,433;22,575
;;;;1,099;2,196;24,598
;;;;-0,677;1,622;25,342
;;;;0,082;2,313;27,006
;;;;-0,344;1,419;27,500
;;;;-1,103;0,786;27,718
;;;;-1,216;-2,843;24,560
;;;;-1,666;-1,444;24,254
;;;;-0,219;-0,091;24,741
;;;;2,003;0,318;25,095
;;;;-1,040;-1,413;23,554
;;;;-0,020;-0,780;23,340
;;;;-1,144;2,247;25,899
;;;;0,071;-0,446;24,554
;;;;1,399;-0,369;24,363
;;;;0,333;0,827;25,338
;;;;0,960;0,464;25,471
;;;;1,134;1,375;26,661
;;;;1,560;0,824;26,935
;;;;-1,722;1,547;28,152
;;;;-0,057;-0,467;27,067
;;;;1,164;-1,356;25,898
;;;;0,008;-0,798;25,643
;;;;1,440;0,920;26,882
;;;;0,896;0,910;27,423
;;;;-0,213;0,202;27,261
;;;;-0,684;-0,666;26,515
;;;;-0,032;-0,817;25,964
;;;;0,288;0,875;27,166
;;;;-0,203;-0,954;25,862
;;;;1,165;-1,332;24,912
;;;;0,439;-1,550;23,894
;;;;0,306;-0,347;24,168
;;;;0,059;-1,363;22,943
;;;;0,063;-1,184;22,304
;;;;-0,494;-0,788;21,990
;;;;0,187;1,270;23,575
;;;;-0,455;0,457;23,524
;;;;0,610;-0,766;22,576
;;;;1,051;-1,735;21,147
;;;;0,371;-1,262;20,579
;;;;-0,137;-1,226;19,858
;;;;0,667;-1,302;19,046
;;;;1,112;0,712;20,278
;;;;1,110;0,847;20,841
;;;;-0,444;1,080;21,582
;;;;-0,134;-1,443;19,707
;;;;0,031;0,338;20,622
;;;;0,159;2,248;22,735
;;;;0,140;0,613;22,449
;;;;-0,765;1,909;24,113
;;;;0,373;0,997;24,347
;;;;0,503;-1,255;22,693
;;;;0,476;-0,309;22,886
;;;;0,225;0,420;23,430
;;;;0,071;0,355;23,616
;;;;-0,064;-0,011;23,464
;;;;-0,154;1,786;25,254
;;;;0,582;2,528;27,067
;;;;-0,555;0,877;26,933
;;;;-0,432;0,095;26,677
;;;;0,575;0,392;27,031
;;;;-0,443;-0,179;26,696
;;;;-0,689;-0,168;26,599
;;;;-0,313;-0,371;26,295
;;;;0,039;-0,872;25,572
;;;;0,729;0,865;26,786
;;;;0,482;0,372;26,812
;;;;0,196;0,050;26,713
;;;;-0,463;-0,303;26,391
;;;;-0,955;0,123;26,635
;;;;-0,019;-0,001;26,585
;;;;0,128;0,201;26,787
;;;;0,502;0,242;26,948
;;;;0,265;0,469;27,320
;;;;0,469;0,529;27,662
;;;;-0,498;-0,243;27,207
;;;;0,957;-0,530;26,774
;;;;-0,300;-0,533;26,453
;;;;0,123;0,446;27,113
;;;;-1,007;1,456;28,390
;;;;0,822;0,493;28,300
;;;;0,642;0,621;28,724
;;;;-1,594;0,657;29,133
;;;;0,250;0,051;28,922
;;;;1,336;-0,343;28,558
;;;;-0,904;-0,114;28,582
;;;;-0,544;0,392;29,019
;;;;-1,271;0,450;29,313
;;;;-0,744;0,718;29,851
;;;;-0,384;0,558;30,122
;;;;2,413;0,885;30,784
;;;;-0,432;0,299;30,729
;;;;0,676;0,537;31,146
;;;;-0,488;0,027;30,958
;;;;0,465;-0,068;30,879
;;;;1,269;0,235;31,142
;;;;-0,348;-0,184;30,863
;;;;0,533;-0,151;30,786
;;;;1,256;0,075;30,922
;;;;1,065;-0,434;30,458
;;;;-0,515;-1,276;29,355
;;;;-0,482;0,280;30,146
;;;;0,551;-0,154;29,880
;;;;0,715;-0,077;29,864
;;;;0,032;1,006;30,901
;;;;0,074;0,472;30,971
;;;;0,657;-0,881;29,901
;;;;0,033;-0,061;30,193
;;;;-1,057;-0,420;29,797
;;;;1,166;-0,224;29,741
;;;;0,180;-0,840;28,990
;;;;-0,904;-0,460;28,866
;;;;0,839;0,449;29,499
;;;;0,198;0,483;29,802
;;;;0,103;0,218;29,827
;;;;-0,803;-0,481;29,259
;;;;-0,444;-0,738;28,713
;;;;0,559;-0,135;28,874
;;;;0,750;0,530;29,458
;;;;-0,566;0,579;29,825
;;;;-0,867;0,193;29,786
;;;;-0,036;-0,442;29,267
;;;;-0,239;-0,211;29,233
;;;;-0,305;-0,786;28,531
;;;;1,314;0,201;29,046
;;;;0,096;0,573;29,539
;;;;-0,912;0,215;29,525
;;;;-0,007;-0,121;29,318
;;;;-0,466;-1,295;28,071
;;;;-1,268;0,333;28,923
;;;;0,494;0,611;29,400
;;;;0,329;0,337;29,493
;;;;-0,873;0,343;29,701
;;;;0,512;-1,277;28,287
;;;;-0,612;-0,951;27,846
;;;;1,434;-0,324;27,903
;;;;-0,841;0,032;28,065
;;;;0,356;0,474;28,526
;;;;0,132;-0,018;28,319
;;;;0,366;-0,393;27,933
;;;;-0,745;0,421;28,511
;;;;0,125;-0,290;28,052
;;;;-1,176;-0,953;27,215
;;;;0,170;0,114;27,710
;;;;-0,807;0,247;27,911
;;;;0,375;-0,348;27,465
;;;;0,449;0,377;27,981
;;;;0,473;0,553;28,384
;;;;-0,295;-0,318;27,844
;;;;0,372;-0,223;27,749
;;;;0,460;0,410;28,248
;;;;-0,876;0,696;28,780
;;;;-0,058;-0,277;28,224
;;;;0,170;0,671;29,006
;;;;-0,218;0,451;29,189
;;;;0,630;0,821;29,830
;;;;0,356;-0,414;29,087
;;;;-0,059;0,021;29,273
;;;;-0,565;0,208;29,472
;;;;0,224;-0,638;28,751
;;;;0,119;-0,156;28,850
;;;;0,112;-0,819;28,094
;;;;-0,643;-0,116;28,305
;;;;-0,610;-0,263;28,089
;;;;0,124;0,953;29,148
;;;;-0,592;1,354;30,121
;;;;0,566;0,116;29,695
;;;;0,006;-0,834;28,814
;;;;-0,318;0,857;30,005
;;;;-0,250;-0,175;29,488
;;;;0,573;0,596;30,154
;;;;-0,289;-0,703;29,213
;;;;-0,103;-1,358;28,136
;;;;-0,525;-0,038;28,641
;;;;0,073;1,501;30,157
;;;;0,327;0,912;30,469
;;;;0,648;-0,720;29,384
;;;;-0,226;-0,122;29,550
;;;;0,128;-0,425;29,174
;;;;0,346;-0,939;28,405
;;;;-0,187;-1,300;27,480
;;;;-0,147;-0,482;27,518
;;;;-0,493;-1,888;25,823
;;;;-0,612;-2,208;24,370
;;;;0,325;-1,818;23,435
;;;;0,341;1,358;25,520
;;;;-0,030;0,190;25,167
;;;;0,522;0,373;25,465
;;;;-0,139;0,308;25,624
;;;;0,133;-0,645;24,856
;;;;-0,383;0,477;25,591
;;;;0,034;-0,941;24,459
;;;;-0,115;-0,071;24,765
;;;;-0,593;0,463;25,256
;;;;-0,351;-0,842;24,229
;;;;0,132;-0,450;24,116
;;;;0,085;1,042;25,337
;;;;-0,139;0,553;25,473
;;;;0,614;0,756;26,008
;;;;0,068;0,687;26,393
;;;;-0,657;-0,763;25,355
;;;;1,089;-0,858;24,802
;;;;0,501;-0,171;24,975
;;;;0,771;-1,218;23,825
;;;;-0,438;-0,590;23,722
;;;;0,165;-1,113;22,845
;;;;0,567;-0,641;22,650
;;;;0,520;-0,884;22,022
;;;;-0,292;0,549;22,925
;;;;-0,140;1,030;23,735
;;;;-0,218;0,090;23,413
;;;;0,000;-1,612;21,765
;;;;0,332;-1,046;21,364
;;;;-0,580;-0,520;21,262
;;;;0,144;0,531;22,001
;;;;0,174;0,243;22,031
;;;;-0,333;-0,018;21,916
;;;;0,191;0,560;22,483
;;;;0,017;0,128;22,387
;;;;0,358;0,661;22,997
;;;;-0,131;-0,062;22,671
;;;;0,022;0,331;23,026
;;;;-0,039;0,219;23,113
;;;;-0,530;0,428;23,453
;;;;0,539;0,138;23,420
;;;;0,145;-0,009;23,356
;;;;-0,295;-0,139;23,221
;;;;0,621;-0,813;22,463
;;;;-0,002;-0,234;22,555
;;;;-0,357;0,316;22,964
;;;;0,481;0,500;23,338
;;;;0,415;0,153;23,291
;;;;0,306;0,083;23,313
;;;;-0,136;-0,007;23,272
;;;;0,089;-0,362;22,913
;;;;0,562;0,369;23,427
;;;;-0,354;-0,685;22,595
;;;;0,080;-0,633;22,235
;;;;0,315;-0,629;21,860
;;;;0,302;-0,955;21,156
;;;;0,897;0,074;21,612
;;;;-0,364;-0,299;21,283
;;;;0,046;0,753;22,156
;;;;-0,401;0,374;22,229
;;;;0,487;-0,137;21,942
;;;;0,251;-1,392;20,606
;;;;0,459;-0,541;20,621
;;;;-0,063;0,025;20,862
;;;;0,102;0,167;21,019
;;;;-0,121;-0,667;20,285
;;;;-0,401;-1,218;19,334
;;;;0,139;0,819;20,641
;;;;0,362;0,519;20,832
;;;;-0,285;0,758;21,382
;;;;-0,736;-0,274;20,805
;;;;-0,235;0,170;21,085
;;;;-0,881;1,111;22,128
;;;;0,496;-0,839;20,845
;;;;0,614;-0,516;20,664
;;;;-0,395;0,060;20,930
;;;;0,468;0,907;21,813
;;;;0,568;0,053;21,504
;;;;0,680;-0,489;20,994
;;;;1,886;-2,092;19,097
;;;;-0,638;-1,433;18,501
;;;;-0,464;0,126;19,200
;;;;0,229;-0,750;18,400
;;;;0,242;-0,383;18,316
;;;;0,028;0,415;18,884
;;;;-0,460;-0,979;17,740
;;;;-0,190;0,114;18,245
;;;;0,477;0,568;18,767
;;;;0,626;0,260;18,801
;;;;-0,387;1,489;20,186
;;;;-0,746;1,452;21,042
;;;;0,689;0,138;20,599
;;;;-0,616;-0,463;20,081
;;;;-0,656;-0,731;19,536
;;;;0,538;-0,128;19,700
;;;;0,488;0,155;19,906
;;;;-0,052;-0,534;19,310
;;;;0,120;1,117;20,641
;;;;-0,438;0,770;20,963
;;;;0,047;1,685;22,341
;;;;0,497;1,328;22,995
;;;;-0,068;-0,316;22,148
;;;;0,644;-1,694;20,580
;;;;-0,991;-0,868;20,390
;;;;0,235;0,380;21,116
;;;;0,185;1,342;22,307
;;;;0,946;0,708;22,478
;;;;0,546;-0,867;21,328
;;;;-0,583;0,212;21,887
;;;;0,412;0,236;22,037
;;;;0,412;-0,318;21,625
;;;;-0,781;-0,161;21,591
;;;;-0,291;-0,431;21,225
;;;;-0,034;-0,377;21,020
;;;;0,423;0,239;21,410
;;;;0,536;-0,858;20,456
;;;;0,804;0,241;21,041
;;;;-0,062;-0,559;20,385
;;;;-0,596;0,853;21,462
;;;;-0,207;-0,442;20,678
;;;;0,188;-0,622;20,234
;;;;0,093;-1,010;19,472
;;;;-0,257;-0,554;19,322
;;;;-0,332;0,588;20,132
;;;;0,545;-0,829;19,068
;;;;0,266;-0,149;19,250
;;;;-0,295;-0,070;19,241
;;;;0,369;-0,310;18,958
;;;;0,349;-0,707;18,375
;;;;0,068;-0,935;17,723
;;;;0,434;1,019;19,116
;;;;-0,209;-0,511;18,197
;;;;-0,791;-0,480;17,922
;;;;1,034;-0,595;17,518
;;;;0,483;-1,691;16,065
;;;;-0,246;-1,136;15,605
;;;;0,477;-1,564;14,496
;;;;-0,026;-2,398;12,724
;;;;-0,782;-0,467;13,216
;;;;-0,258;-0,948;12,455
;;;;-0,633;0,124;12,957
;;;;-0,822;0,457;13,365
;;;;0,493;1,088;14,270
;;;;0,411;-0,545;13,290
;;;;-0,557;-0,135;13,373
;;;;-0,189;-1,059;12,368
;;;;0,973;-0,994;11,798
;;;;-0,930;0,645;12,840
;;;;-0,634;0,219;12,801
;;;;-0,012;0,838;13,552
;;;;-1,347;0,118;13,335
;;;;-0,858;-0,688;12,600
;;;;0,447;0,806;13,682
;;;;0,840;0,880;14,238
;;;;1,362;0,104;13,990
;;;;0,341;0,583;14,532
;;;;0,736;0,767;15,066
;;;;0,198;0,205;14,964
;;;;0,350;-0,039;14,843
;;;;0,531;0,505;15,364
;;;;-0,034;0,327;15,489
;;;;0,194;0,037;15,396
;;;;-1,134;-0,452;14,929
;;;;0,495;-0,195;14,915
;;;;-0,056;0,803;15,796
;;;;0,108;1,080;16,554
;;;;0,159;1,001;17,123
;;;;-0,310;0,032;16,755
;;;;0,142;-0,401;16,341
;;;;0,028;0,477;16,979
;;;;0,196;0,337;17,125
;;;;-0,325;-0,159;16,831
;;;;0,598;-0,457;16,437
;;;;-0,474;0,227;16,847
;;;;-0,764;-0,303;16,454
;;;;-0,053;-0,692;15,883
;;;;0,952;0,218;16,377
;;;;-1,098;-0,119;16,172
;;;;-0,828;-0,435;15,784
;;;;1,495;-0,673;15,285
;;;;1,264;-0,410;15,145
;;;;-0,439;-1,338;13,970
;;;;-1,504;-1,703;12,802
;;;;-0,276;0,604;14,087
;;;;-0,316;0,188;14,034
;;;;-0,290;0,723;14,682
;;;;-1,255;-0,446;13,947
;;;;1,199;0,595;14,720
;;;;0,081;-0,816;13,666
;;;;-0,021;-1,408;12,585
;;;;0,989;0,193;13,341
;;;;1,591;-0,493;12,771
;;;;-0,668;-0,381;12,588
;;;;1,458;-0,270;12,470
;;;;0,707;-1,380;11,198
;;;;1,120;0,994;12,745
;;;;1,412;0,216;12,563
;;;;-1,496;1,397;13,874
;;;;0,730;1,232;14,547
;;;;0,250;1,668;15,723
;;;;0,429;0,749;15,804
;;;;-2,462;1,313;16,818
;;;;0,869;-0,154;16,138
;;;;-1,219;0,634;16,834
;;;;0,451;-0,794;15,786
;;;;-0,610;-1,744;14,360
;;;;0,000;-1,641;13,417
;;;;1,023;-1,396;12,677
;;;;1,523;-0,455;12,780
;;;;-0,860;0,566;13,528
;;;;-0,028;-0,028;13,274
;;;;0,927;1,261;14,546
;;;;-0,296;-0,901;13,141
;;;;-0,159;-0,635;12,866
;;;;-0,397;-0,002;13,118
;;;;-1,015;-0,856;12,262
;;;;0,185;0,172;12,777
;;;;0,002;-0,606;12,102
;;;;0,975;-0,243;12,102
;;;;0,644;-1,056;11,143
;;;;0,415;-0,639;10,926
;;;;-0,990;0,269;11,451
;;;;-0,698;-0,210;11,133
;;;;0,354;0,753;11,970
;;;;0,258;-0,531;11,137
;;;;-0,262;0,335;11,684
;;;;-0,178;0,588;12,138
;;;;1,269;-0,824;11,079
;;;;-0,744;0,310;11,719
;;;;-0,262;0,467;12,062
;;;;-0,244;-1,612;10,264
;;;;0,083;0,781;11,690
;;;;0,636;-0,078;11,299
;;;;-0,420;1,415;12,745
;;;;0,450;1,277;13,456
;;;;-0,868;1,276;14,221
;;;;-0,752;0,177;13,888
;;;;-0,256;-1,205;12,612
;;;;-0,556;-3,300;9,794
;;;;0,201;-2,040;9,074
;;;;0,227;-1,466;8,424
;;;;-0,320;-0,865;8,145
;;;;-1,192;0,014;8,505
;;;;0,041;-1,468;7,032
;;;;-0,629;0,871;8,490
;;;;0,042;0,075;8,217
;;;;-0,789;1,327;9,514
;;;;0,991;-1,775;7,208
;;;;0,932;-4,993;2,925
;;;;-0,368;-3,204;1,719
;;;;0,052;-1,874;1,126
;;;;0,037;-1,351;0,525
;;;;-0,442;0,800;1,865
;;;;0,854;0,490;2,035
;;;;-0,670;-0,181;1,658
;;;;-0,266;-0,585;1,145
;;;;0,379;-1,748;-0,368
;;;;0,222;1,688;2,019
;;;;0,766;-0,425;0,918
;;;;0,005;0,686;1,774
;;;;-0,962;-1,076;0,424
;;;;-0,159;-1,486;-0,632
;;;;-0,150;-2,526;-2,564
;;;;0,975;0,933;-0,620
;;;;-0,216;-0,446;-1,439
;;;;0,553;0,915;-0,346
;;;;-0,393;-2,216;-2,928
;;;;-1,240;-3,070;-5,112
;;;;-1,181;-2,294;-6,177
;;;;0,921;-0,425;-5,685
;;;;-0,123;0,569;-4,946
;;;;0,094;4,105;-1,068
;;;;0,067;-0,056;-2,767
;;;;-0,831;-1,250;-3,994
;;;;-0,396;-0,266;-3,760
;;;;0,935;0,970;-2,684
;;;;0,806;1,830;-1,242
;;;;-1,184;-0,273;-2,247
;;;;-0,331;-1,841;-3,978
;;;;0,085;-2,689;-5,931
;;;;-0,289;-0,723;-5,579
;;;;0,227;-2,194;-7,483
;;;;-1,369;-1,297;-7,902
;;;;0,524;-0,370;-7,753
;;;;-0,141;0,543;-7,062
;;;;0,387;-1,358;-8,638
;;;;1,053;-1,645;-9,740
;;;;0,346;1,122;-7,960
;;;;0,457;-0,175;-8,583
;;;;0,792;-0,934;-9,447
;;;;0,783;1,254;-7,819
;;;;-0,232;1,892;-6,429
;;;;-0,202;2,735;-4,450
;;;;0,074;1,330;-4,215
;;;;0,039;0,380;-4,366
;;;;0,532;0,415;-4,103
;;;;-0,256;1,354;-2,916
;;;;-0,099;-0,873;-4,330
;;;;0,126;-1,635;-5,616
;;;;0,483;0,260;-4,702
;;;;-0,460;-1,029;-5,835
;;;;-0,159;0,794;-4,630
;;;;0,223;1,539;-3,409
;;;;0,191;2,019;-2,005
;;;;-0,009;0,945;-1,868
;;;;-0,279;-0,134;-2,380
;;;;-0,571;0,168;-2,158
;;;;-1,239;-0,083;-2,308
;;;;0,174;-1,227;-3,501
;;;;-0,428;-0,719;-3,730
;;;;-0,009;0,204;-3,239
;;;;-0,433;1,643;-1,678
;;;;-0,787;-1,426;-3,760
;;;;0,175;-0,077;-3,267
;;;;-0,505;0,849;-2,387
;;;;-0,736;0,620;-2,107
;;;;-0,396;1,356;-0,999
;;;;0,130;1,925;0,383
;;;;0,086;0,342;-0,045
;;;;0,212;-0,384;-0,565
;;;;0,597;0,596;0,185
;;;;-0,016;0,226;0,172
;;;;0,532;-0,254;-0,173
;;;;0,483;0,240;0,170
;;;;0,209;0,375;0,448
;;;;0,410;0,057;0,356
;;;;-0,205;-0,095;0,238
;;;;-0,109;0,308;0,583
;;;;-0,225;0,215;0,675
;;;;0,036;0,220;0,809
;;;;-0,357;-0,388;0,334
;;;;0,255;-0,937;-0,448
;;;;-0,367;-0,696;-0,769
;;;;-1,161;-0,207;-0,698
;;;;0,029;0,146;-0,469
;;;;-0,052;0,624;0,096
;;;;-0,776;0,072;-0,081
;;;;1,015;0,736;0,626
;;;;-1,348;0,398;0,729
;;;;-0,052;-0,836;-0,266
;;;;-0,788;-1,538;-1,469
;;;;0,542;-1,190;-2,043
;;;;0,616;-1,269;-2,836
;;;;0,713;-1,012;-3,340
;;;;-0,093;0,424;-2,512
;;;;-0,182;0,184;-2,497
;;;;0,353;1,236;-1,335
;;;;0,041;1,011;-0,818
;;;;0,034;0,845;-0,377
;;;;-0,015;-1,217;-1,932
;;;;-0,323;-0,583;-2,028
;;;;0,569;-0,004;-1,799
;;;;0,938;-0,046;-1,843
;;;;-0,665;-0,509;-2,334
;;;;0,386;-1,097;-3,228
;;;;0,682;0,464;-2,324
;;;;-0,027;0,915;-1,596
;;;;-0,045;0,934;-1,027
;;;;-0,236;0,287;-1,114
;;;;0,667;0,647;-0,582
;;;;-0,276;-0,509;-1,350
;;;;0,218;-0,304;-1,450
;;;;0,138;-1,462;-2,791
;;;;-0,376;0,041;-2,165
;;;;-0,062;-0,705;-2,887
;;;;-0,629;0,006;-2,599
;;;;0,418;-1,451;-4,052
;;;;-0,406;-1,185;-4,657
;;;;-0,220;-0,260;-4,443
;;;;-0,312;-0,882;-5,220
;;;;0,680;-1,078;-5,946
;;;;-0,857;0,397;-5,118
;;;;0,231;0,331;-4,946
;;;;-0,105;0,025;-5,053
;;;;-0,015;0,751;-4,312
;;;;-0,670;1,155;-3,457
;;;;-0,608;1,101;-2,818
;;;;-0,730;0,697;-2,561
;;;;-0,223;0,831;-2,010
;;;;0,637;0,111;-2,231
;;;;-0,584;-0,146;-2,421
;;;;-0,121;-0,434;-2,796
;;;;-0,775;-0,266;-2,888
;;;;-0,441;0,485;-2,298
;;;;-0,417;-0,247;-2,738
;;;;-0,194;0,424;-2,215
;;;;-0,621;1,032;-1,353
;;;;0,369;0,212;-1,553
;;;;0,938;-0,461;-2,100
;;;;0,643;-0,251;-2,166
;;;;0,348;-0,077;-2,143
;;;;0,304;1,390;-0,722
;;;;0,296;0,386;-0,891
;;;;0,632;0,552;-0,494
;;;;0,068;0,941;0,226
;;;;-0,202;1,036;0,886
;;;;0,120;0,738;1,210
;;;;-0,207;-0,931;-0,017
;;;;0,545;-0,867;-0,511
;;;;-0,087;-0,779;-0,943
;;;;0,411;1,261;0,629
;;;;0,039;1,095;1,220
;;;;0,799;0,891;1,674
;;;;0,350;-1,298;0,019
;;;;0,678;-1,084;-0,545
;;;;1,297;-0,402;-0,514
;;;;-0,968;-0,185;-0,539
;;;;0,638;0,056;-0,408
;;;;-0,699;1,355;0,925
;;;;-0,489;1,816;2,199
;;;;0,655;-0,221;1,252
;;;;0,640;0,131;1,471
;;;;0,695;-0,665;0,754
;;;;-0,638;-0,309;0,711
;;;;0,894;-1,780;-0,945
;;;;0,433;0,061;-0,172
;;;;-1,097;-0,984;-1,180
;;;;-0,226;-1,372;-2,159
;;;;-0,358;-1,069;-2,679
;;;;0,637;0,507;-1,744
;;;;0,431;-1,130;-3,077
;;;;-0,830;0,247;-2,378
;;;;-0,579;1,363;-1,114
;;;;1,069;1,175;-0,484
;;;;-0,534;-0,454;-1,408
;;;;1,054;0,984;-0,242
;;;;-1,009;-0,881;-1,517
;;;;0,329;-1,510;-2,675
;;;;-0,212;0,180;-1,891
;;;;0,467;0,490;-1,473
;;;;1,591;-0,336;-2,005
;;;;-0,238;-0,616;-2,487
;;;;-0,970;-0,827;-3,067
;;;;-0,334;0,013;-2,723
;;;;1,019;-0,518;-3,246
;;;;1,167;0,778;-2,261
;;;;-0,016;0,463;-2,109
;;;;-0,232;-0,013;-2,307
;;;;-0,002;0,001;-2,301
;;;;-0,244;0,832;-1,470
;;;;0,185;1,131;-0,671
;;;;-0,432;-0,022;-1,146
;;;;0,164;1,373;0,236
;;;;-0,637;0,579;0,266
;;;;0,087;0,372;0,406
;;;;0,820;0,275;0,532
;;;;-0,073;-0,937;-0,515
;;;;0,697;0,265;0,125
;;;;-0,114;-1,913;-1,894
;;;;0,203;0,434;-0,694
;;;;-0,199;0,834;-0,034
;;;;-0,485;1,173;0,806
;;;;0,089;0,695;1,032
;;;;-0,857;0,858;1,612
;;;;0,248;-0,756;0,513
;;;;1,163;-0,203;0,612
;;;;-0,572;1,765;2,458
;;;;-0,078;1,583;3,335
;;;;0,102;-1,258;1,444
;;;;-0,967;0,506;2,454
;;;;1,498;1,531;3,782
;;;;0,663;0,078;3,247
;;;;-0,357;-0,051;3,165
;;;;-0,825;-0,257;2,928
;;;;-0,417;1,212;4,243
;;;;0,353;0,760;4,519
;;;;-1,265;-0,285;3,929
;;;;0,362;-1,735;2,308
;;;;-1,354;-1,859;1,143
;;;;1,047;-0,133;1,754
;;;;0,233;-0,612;1,195
;;;;0,569;-0,118;1,322
;;;;-1,159;0,618;1,987
;;;;0,494;0,032;1,772
;;;;0,843;0,219;1,979
;;;;-1,194;0,489;2,379
;;;;0,136;-0,589;1,595
;;;;-0,551;-1,362;0,469
;;;;-0,325;0,670;1,683
;;;;0,984;0,809;2,224
;;;;0,052;-0,984;0,917
;;;;0,278;0,695;2,005
;;;;0,379;-0,062;1,665
;;;;0,273;1,311;3,000
;;;;0,878;-0,379;2,097
;;;;-0,529;-1,376;0,873
;;;;0,504;-2,030;-0,607
;;;;-0,711;-0,063;0,142
;;;;-0,171;0,012;0,180
;;;;0,114;0,410;0,585
;;;;-0,982;1,507;1,927
;;;;-0,368;1,595;2,919
;;;;-0,424;1,066;3,348
;;;;-0,861;-1,122;1,799
;;;;-1,258;0,958;3,205
;;;;0,927;0,775;3,597
;;;;0,102;1,473;4,761
;;;;0,766;-0,147;4,025
;;;;0,731;2,047;6,131
;;;;-0,105;0,924;6,236
;;;;-0,065;1,085;6,951
;;;;-0,055;0,708;7,226
;;;;-1,574;-2,747;4,195
;;;;-1,409;-1,808;3,486
;;;;0,221;-1,601;2,608
;;;;-0,792;-4,153;-0,904
;;;;0,715;-3,210;-2,453
;;;;0,267;-1,012;-2,181
;;;;-0,295;-0,973;-2,749
;;;;0,059;-1,081;-3,441
;;;;0,019;-0,691;-3,699
;;;;-1,248;-0,384;-3,807
;;;;0,783;-1,513;-5,166
;;;;0,259;-2,363;-6,924
;;;;-0,494;0,052;-5,927
;;;;-0,005;0,215;-5,733
;;;;0,345;1,288;-4,531
;;;;0,028;0,718;-4,328
;;;;0,311;0,179;-4,436
;;;;-0,177;-0,085;-4,593
;;;;0,294;1,359;-3,200
;;;;-0,410;1,475;-2,269
;;;;-0,483;1,799;-1,059
;;;;-0,569;1,187;-0,592
;;;;-0,228;-0,392;-1,459
;;;;0,242;-1,033;-2,335
;;;;0,299;-0,560;-2,482
;;;;0,341;0,256;-2,002
;;;;0,330;-0,099;-2,203
;;;;-0,838;0,376;-1,788
;;;;-0,060;-0,004;-1,942
;;;;-0,546;0,185;-1,756
;;;;-0,260;-0,183;-2,013
;;;;0,164;0,032;-1,908
;;;;-0,641;0,705;-1,216
;;;;-0,085;-0,723;-2,221
;;;;-0,097;-0,079;-2,010
;;;;0,470;0,594;-1,385
;;;;0,154;0,318;-1,304
;;;;-0,288;-0,665;-2,097
;;;;0,116;-1,423;-3,255
;;;;-0,960;-0,733;-3,418
;;;;-0,156;-0,594;-3,719
;;;;0,306;-0,702;-4,184
;;;;0,135;-0,390;-4,293
;;;;-1,215;-0,675;-4,812
;;;;0,353;0,157;-4,385
;;;;0,349;0,901;-3,547
;;;;0,153;0,759;-3,148
;;;;-0,532;0,003;-3,449
;;;;0,304;-0,050;-3,500
;;;;-0,649;0,266;-3,215
;;;;-0,602;0,182;-3,139
;;;;-0,343;-1,312;-4,524
;;;;-0,137;-0,299;-4,298
;;;;-0,219;-0,005;-4,183
;;;;-0,222;0,706;-3,475
;;;;-0,545;-0,745;-4,503
;;;;0,532;-0,734;-4,938
;;;;-0,117;-1,563;-6,208
;;;;0,493;-0,037;-5,620
;;;;-1,064;-0,874;-6,479
;;;;0,007;1,066;-5,063
;;;;-0,222;0,178;-5,312
;;;;0,968;-0,114;-5,497
;;;;0,255;0,361;-5,090
;;;;0,331;1,603;-3,632
;;;;0,341;-0,111;-4,384
;;;;0,799;-0,633;-4,972
;;;;-0,122;-0,180;-4,899
;;;;0,821;-0,499;-5,326
;;;;0,464;-1,412;-6,538
;;;;0,085;0,280;-5,693
;;;;-0,032;-0,129;-5,934
;;;;0,439;-0,451;-6,333
;;;;0,635;-0,447;-6,600
;;;;0,521;-0,258;-6,679
;;;;0,234;-0,731;-7,307
;;;;0,222;-1,213;-8,227
;;;;-0,369;0,937;-6,805
;;;;0,773;0,856;-6,324
;;;;-0,345;0,464;-6,203
;;;;0,159;0,944;-5,444
;;;;-0,273;0,130;-5,691
;;;;-1,290;-0,168;-5,911
;;;;0,314;-0,240;-6,084
;;;;-0,961;0,275;-5,713
;;;;0,356;-0,120;-5,943
;;;;0,201;-0,312;-6,207
;;;;-1,029;0,267;-5,816
;;;;0,160;0,499;-5,424
;;;;0,827;0,369;-5,254
;;;;-0,511;-0,252;-5,653
;;;;-0,672;-0,137;-5,690
;;;;-1,132;-0,562;-6,197
;;;;-0,364;-0,447;-6,419
;;;;0,133;-0,440;-6,680
;;;;0,706;0,974;-5,530
;;;;-0,497;0,744;-5,176
;;;;0,124;0,652;-4,822
;;;;-0,021;0,885;-4,198
;;;;-0,017;0,275;-4,276
;;;;-0,683;0,010;-4,377
;;;;-0,233;-0,954;-5,335
;;;;-0,052;0,080;-4,873
;;;;-0,115;0,686;-4,219
;;;;-0,166;0,259;-4,235
;;;;0,427;-1,256;-5,594
;;;;-0,074;0,439;-4,653
;;;;0,107;1,800;-3,028
;;;;0,412;1,082;-2,666
;;;;-0,288;0,389;-2,709
;;;;0,007;0,240;-2,625
;;;;0,706;-0,454;-3,175
;;;;-0,728;0,366;-2,627
;;;;0,096;1,286;-1,487
;;;;0,506;1,004;-0,998
;;;;0,103;0,591;-0,808
;;;;-0,010;0,424;-0,621
;;;;0,450;-0,543;-1,333
;;;;0,428;-0,932;-2,048
;;;;-0,431;-0,659;-2,334
;;;;-0,534;0,324;-1,747
;;;;0,095;0,091;-1,786
;;;;-0,384;-0,492;-2,314
;;;;-0,046;-0,495;-2,612
;;;;-1,081;-0,389;-2,803
;;;;0,617;-0,444;-3,091
;;;;0,528;-1,451;-4,365
;;;;0,288;-0,380;-4,164
;;;;-0,466;1,101;-2,911
;;;;0,288;0,809;-2,543
;;;;0,263;1,609;-1,257
;;;;0,701;1,790;-0,110
;;;;-0,235;-0,210;-1,036
;;;;0,194;-1,200;-2,152
;;;;0,837;-0,891;-2,564
;;;;-0,084;-0,346;-2,553
;;;;0,661;0,745;-1,670
;;;;-0,509;-0,473;-2,441
;;;;-0,299;-0,034;-2,286
;;;;-0,476;-0,170;-2,442
;;;;-0,133;0,297;-2,077
;;;;-0,735;0,020;-2,176
;;;;-0,750;-0,509;-2,693
;;;;-0,819;-0,303;-2,793
;;;;1,142;0,268;-2,403
;;;;0,547;-1,314;-3,825
;;;;0,057;-0,985;-4,284
;;;;1,317;-0,658;-4,548
;;;;-0,760;0,231;-4,053
;;;;1,105;-0,611;-4,757
;;;;-0,319;-1,085;-5,597
;;;;-0,908;0,263;-4,901
;;;;0,326;0,389;-4,617
;;;;1,708;0,124;-4,649
;;;;0,341;1,050;-3,648
;;;;0,570;-0,065;-4,133
;;;;-1,376;-0,397;-4,504
;;;;0,278;-0,434;-4,780
;;;;0,943;-0,755;-5,361
;;;;1,106;0,062;-4,997
;;;;-2,161;0,425;-4,597
;;;;-2,103;0,917;-3,849
;;;;-0,845;0,815;-3,401
;;;;-0,815;-0,668;-4,396
;;;;-1,308;-0,585;-4,713
;;;;-0,674;0,353;-4,126
;;;;0,801;-0,097;-4,365
;;;;-1,322;-0,445;-4,771
;;;;1,513;-0,636;-5,229
;;;;0,484;0,341;-4,634
;;;;-0,228;0,315;-4,455
;;;;0,964;-0,134;-4,715
;;;;-0,927;0,826;-3,836
;;;;-0,258;0,101;-4,066
;;;;0,503;-0,267;-4,373
;;;;0,680;0,205;-4,060
;;;;0,184;-0,142;-4,285
;;;;-0,616;0,217;-4,011
;;;;-1,868;-0,502;-4,600
;;;;1,794;-0,542;-4,941
;;;;0,600;-0,592;-5,316
;;;;0,023;-0,088;-5,167
;;;;1,113;0,118;-5,014
;;;;0,380;-0,188;-5,249
;;;;-0,041;-0,205;-5,380
;;;;-2,375;-0,229;-5,526
;;;;1,884;-0,032;-5,467
;;;;3,898;-0,102;-5,556
;;;;-2,353;0,605;-4,910
;;;;1,486;0,243;-4,909
;;;;-1,741;0,656;-4,351
;;;;1,445;-0,831;-5,444
;;;;1,416;-0,837;-5,948
;;;;-0,677;0,165;-5,449
;;;;0,044;-0,007;-5,521
;;;;-2,466;-0,720;-6,239
;;;;-1,748;-0,737;-6,687
;;;;0,461;-0,708;-7,101
;;;;0,620;-1,043;-7,861
;;;;-1,389;-0,559;-8,003
;;;;-2,814;-0,447;-8,226
;;;;1,762;0,064;-7,983
;;;;-0,875;-0,112;-8,121
;;;;-0,171;-0,246;-8,322
;;;;-0,309;-0,567;-8,791
;;;;1,640;0,201;-8,363
;;;;-0,845;0,034;-8,409
;;;;-0,817;0,431;-7,992
;;;;-0,932;0,101;-8,064
;;;;0,224;0,224;-7,880
;;;;1,012;0,333;-7,636
;;;;-1,841;-0,090;-7,859
;;;;-0,778;0,522;-7,301
;;;;-1,383;0,279;-7,231
;;;;1,431;0,662;-6,680
;;;;0,684;1,211;-5,735
;;;;-0,270;0,274;-5,945
;;;;-2,602;-0,398;-6,453
;;;;1,518;-0,142;-6,435
;;;;-3,248;-0,154;-6,533
;;;;2,113;0,035;-6,436
;;;;-1,242;0,815;-5,635
;;;;-1,302;-0,418;-6,379
;;;;-0,175;0,436;-5,776
;;;;0,143;0,285;-5,665
;;;;0,884;0,360;-5,419
;;;;-0,068;0,492;-5,071
;;;;-1,632;1,034;-4,234
;;;;-1,243;0,656;-3,992
;;;;0,975;-0,485;-4,739
;;;;-0,023;-1,041;-5,586
;;;;1,091;-1,003;-6,173
;;;;-0,403;-0,748;-6,520
;;;;1,387;0,254;-5,966
;;;;0,626;0,629;-5,438
;;;;0,128;0,727;-4,963
;;;;1,137;0,331;-4,924
;;;;-0,973;0,466;-4,590
;;;;1,234;-0,694;-5,470
;;;;-0,538;-0,307;-5,500
;;;;0,472;-1,200;-6,577
;;;;-0,312;-1,597;-7,694
;;;;-0,344;-0,831;-7,886
;;;;-1,953;-0,484;-8,038
;;;;0,861;-0,557;-8,401
;;;;1,499;0,171;-8,008
;;;;-0,224;-0,398;-8,474
;;;;2,179;-0,597;-8,912
;;;;-0,886;-0,691;-9,364
;;;;-0,068;-1,165;-10,252
;;;;0,348;-0,309;-10,095
;;;;0,407;0,619;-9,352
;;;;0,316;0,031;-9,569
;;;;-0,322;0,502;-9,080
;;;;0,377;1,155;-8,125
;;;;0,331;-0,891;-9,478
;;;;0,063;0,005;-9,117
;;;;-0,457;0,562;-8,557
;;;;-0,573;0,333;-8,448
;;;;-0,494;0,403;-8,178
;;;;-1,564;1,046;-7,293
;;;;-0,560;1,000;-6,711
;;;;1,014;0,778;-6,334
;;;;-0,412;-0,531;-7,175
;;;;-0,104;0,158;-6,805
;;;;0,769;0,598;-6,271
;;;;-0,582;0,893;-5,617
;;;;0,084;-0,346;-6,319
;;;;-0,691;-0,679;-6,860
;;;;0,724;-0,588;-7,177
;;;;-0,483;-1,589;-8,531
;;;;1,525;0,139;-7,756
;;;;-0,719;0,077;-7,734
;;;;1,357;-0,162;-7,927
;;;;-0,754;-0,276;-8,138
;;;;1,306;0,192;-7,836
;;;;-1,453;0,528;-7,385
;;;;-0,775;-0,792;-8,388
;;;;0,743;0,216;-7,855
;;;;0,907;-0,178;-8,120
;;;;0,686;-0,633;-8,682
;;;;0,526;-0,450;-8,878
;;;;1,541;-0,630;-9,329
;;;;0,940;-1,056;-10,132
;;;;0,454;0,130;-9,581
;;;;-0,490;0,074;-9,558
;;;;-1,233;-1,357;-10,945
;;;;-0,070;-0,328;-10,730
;;;;0,892;0,234;-10,364
;;;;-0,412;1,305;-9,154
;;;;-1,075;-1,451;-11,126
;;;;-0,934;-0,463;-11,009
;;;;0,461;1,966;-8,858
;;;;0,244;-0,648;-10,292
;;;;-0,336;0,086;-9,947
;;;;-0,086;0,800;-9,182
;;;;-0,250;1,340;-8,162
;;;;-1,379;2,088;-6,609
;;;;-0,535;-0,859;-8,304
;;;;-1,153;-0,889;-8,849
;;;;-0,771;0,379;-8,115
;;;;-0,797;-0,978;-9,244
;;;;-0,374;1,328;-7,525
;;;;1,485;0,819;-7,237
;;;;0,438;-0,360;-7,924
;;;;0,381;-0,942;-8,722
;;;;-0,603;-0,793;-9,139
;;;;0,592;-0,874;-9,696
;;;;-1,025;0,335;-9,011
;;;;-0,720;-0,949;-10,094
;;;;-1,286;-0,272;-9,986
;;;;-1,975;0,667;-9,210
;;;;-2,778;1,603;-7,874
;;;;-0,416;1,127;-7,388
;;;;1,050;0,151;-7,688
;;;;-0,540;-0,042;-7,790
;;;;0,892;-0,078;-7,852
;;;;-1,054;-0,283;-8,103
;;;;0,706;-0,533;-8,524
;;;;1,015;0,040;-8,270
;;;;0,169;-0,503;-8,789
;;;;1,052;0,938;-7,650
;;;;1,349;0,223;-7,802
;;;;1,356;-0,153;-8,044
;;;;0,081;0,035;-7,948
;;;;0,346;-0,197;-8,159
;;;;2,025;0,265;-7,815
;;;;0,050;-0,339;-8,260
;;;;0,904;0,464;-7,660
;;;;-0,077;-0,251;-8,098
;;;;0,898;0,145;-7,852
;;;;-0,311;0,118;-7,792
;;;;1,954;0,355;-7,484
;;;;0,468;-0,176;-7,802
;;;;-0,263;-0,210;-7,942
;;;;-0,928;-0,001;-7,859
;;;;-0,714;0,211;-7,647
;;;;0,943;-0,330;-8,062
;;;;1,164;0,121;-7,808
;;;;1,176;-0,557;-8,414
;;;;-0,358;0,523;-7,668
;;;;-0,472;0,698;-7,179
;;;;0,668;1,188;-6,270
;;;;0,410;0,381;-6,364
;;;;-0,441;0,641;-5,875
;;;;-0,145;0,482;-5,650
;;;;0,739;-0,567;-6,410
;;;;0,381;0,503;-5,680
;;;;0,113;-0,635;-6,516
;;;;0,168;-0,694;-6,956
;;;;-0,115;-0,010;-6,689
;;;;-0,035;0,406;-6,278
;;;;1,381;0,350;-6,090
;;;;0,075;0,547;-5,683
;;;;-0,377;0,683;-5,220
;;;;-0,289;-1,291;-6,783
;;;;0,638;-0,046;-6,313
;;;;0,273;-0,852;-7,147
;;;;0,379;0,009;-6,797
;;;;-0,060;-0,422;-7,223
;;;;0,838;0,535;-6,519
;;;;0,114;1,228;-5,505
;;;;0,029;0,783;-5,214
;;;;0,315;1,122;-4,405
;;;;0,459;0,661;-4,192
;;;;-0,280;1,017;-3,440
;;;;-1,292;0,288;-3,559
;;;;0,520;0,561;-3,113
;;;;0,631;-0,020;-3,358
;;;;-0,400;-0,642;-3,992
;;;;1,011;-0,325;-4,060
;;;;-0,456;0,425;-3,505
;;;;0,208;1,591;-2,084
;;;;0,018;-0,414;-3,134
;;;;0,223;0,490;-2,479
;;;;0,407;0,629;-2,046
;;;;-0,144;-0,382;-2,680
;;;;-0,479;0,647;-1,880
;;;;-0,211;0,657;-1,482
;;;;-0,621;-0,306;-2,051
;;;;0,366;0,128;-1,801
;;;;0,182;0,285;-1,567
;;;;-0,126;0,074;-1,607
;;;;-0,875;0,720;-0,917
;;;;-1,242;0,523;-0,682
;;;;0,141;-0,198;-1,090
;;;;0,547;0,698;-0,312
;;;;0,901;0,272;-0,319
;;;;0,302;-0,178;-0,605
;;;;-0,368;-0,088;-0,622
;;;;-0,379;-0,845;-1,432
;;;;0,381;-0,031;-1,125
;;;;-0,719;0,527;-0,585
;;;;0,573;-0,119;-0,915
;;;;0,126;0,227;-0,640
;;;;0,219;0,438;-0,293
;;;;-0,087;0,753;0,285
;;;;-0,755;-0,202;-0,218
;;;;-0,308;0,067;-0,071
;;;;0,544;0,330;0,233
;;;;-0,053;0,524;0,625
;;;;0,265;1,126;1,541
;;;;0,480;0,305;1,396
;;;;-0,931;0,556;1,829
;;;;-0,141;-0,184;1,423
;;;;-0,168;0,120;1,616
;;;;0,479;-0,546;1,022
;;;;0,048;0,181;1,421
;;;;0,521;0,666;2,015
;;;;0,481;0,747;2,495
;;;;0,728;0,230;2,427
;;;;0,324;-0,146;2,189
;;;;0,072;0,269;2,516
;;;;0,404;-0,420;1,988
;;;;-0,154;-0,358;1,798
;;;;-0,069;-0,329;1,612
;;;;-0,182;-0,443;1,301
;;;;-0,432;0,428;1,906
;;;;0,277;-0,310;1,425
;;;;0,744;-0,904;0,644
;;;;-0,757;-0,999;0,007
;;;;-0,240;-0,887;-0,480
;;;;0,303;0,947;0,822
;;;;0,559;0,143;0,586
;;;;0,731;0,753;1,282
;;;;-0,054;-0,360;0,620
;;;;0,546;-0,431;0,333
;;;;0,073;-0,387;0,118
;;;;0,215;-0,557;-0,284
;;;;-0,170;-1,192;-1,254
;;;;0,575;0,105;-0,671
;;;;-0,020;0,227;-0,487
;;;;-0,470;0,209;-0,368
;;;;-0,123;0,870;0,418
;;;;-0,612;-0,249;-0,179
;;;;0,380;-0,650;-0,729
;;;;0,159;-0,586;-1,055
;;;;-0,761;-1,049;-1,870
;;;;-0,368;-0,632;-2,082
;;;;-0,040;-0,259;-2,088
;;;;-0,888;-0,491;-2,476
;;;;0,603;0,620;-1,659
;;;;-1,567;-0,144;-2,051
;;;;-0,879;0,211;-1,782
;;;;-1,565;0,849;-1,017
;;;;0,590;0,716;-0,641
;;;;0,266;1,415;0,488
;;;;-0,906;0,764;0,686
;;;;-1,164;1,054;1,434
;;;;-0,531;0,582;1,595
;;;;1,526;0,000;1,362
;;;;0,167;0,319;1,680
;;;;0,106;0,520;2,073
;;;;-0,605;-0,315;1,550
;;;;0,152;-0,308;1,368
;;;;0,392;1,724;3,215
;;;;-1,181;1,041;3,566
;;;;0,913;1,258;4,408
;;;;-0,749;1,512;5,416
;;;;0,019;1,102;5,914
;;;;-0,029;0,815;6,287
;;;;1,016;-0,922;5,039
;;;;0,915;-0,567;4,842
;;;;-0,973;0,323;5,391
;;;;-0,678;-0,149;5,113
;;;;0,603;0,959;6,131
;;;;-0,003;0,000;5,748
;;;;0,567;-0,068;5,680
;;;;0,896;-0,098;5,610
;;;;-0,685;-0,363;5,286
;;;;0,473;-0,410;5,021
;;;;-0,470;0,531;5,716
;;;;-0,978;-0,382;5,121
;;;;-0,206;-0,456;4,819
;;;;0,053;0,412;5,413
;;;;0,441;-0,063;5,186
;;;;-0,456;0,321;5,532
;;;;0,664;-0,356;5,047
;;;;0,734;0,262;5,451
;;;;0,567;0,466;5,813
;;;;0,484;-0,247;5,379
;;;;-1,028;-0,550;4,928
;;;;-1,895;-0,150;4,998
;;;;0,684;0,238;5,297
;;;;-0,012;-0,630;4,571
;;;;1,085;0,176;4,999
;;;;-0,297;-0,410;4,519
;;;;1,341;-0,587;4,096
;;;;-1,087;-1,193;3,137
;;;;0,272;-0,497;3,117
;;;;-0,282;-0,659;2,657
;;;;0,163;-0,568;2,353
;;;;0,314;-0,262;2,318
;;;;0,168;-0,259;2,164
;;;;-0,728;-0,395;1,873
;;;;0,585;-0,191;1,839
;;;;-0,095;0,299;2,215
;;;;-1,444;-0,234;1,861
;;;;0,535;0,314;2,269
;;;;-0,635;0,701;2,844
;;;;1,396;-0,100;2,463
;;;;0,204;0,498;3,002
;;;;-1,372;0,370;3,172
;;;;0,143;-0,401;2,623
;;;;-0,298;0,043;2,826
;;;;0,558;0,473;3,282
;;;;-0,308;0,104;3,198
;;;;-0,843;0,172;3,327
;;;;0,442;-0,504;2,755
;;;;0,195;0,161;3,117
;;;;0,766;-0,129;2,924
;;;;-0,264;0,367;3,342
;;;;0,393;0,278;3,474
;;;;-0,001;0,387;3,749
;;;;1,181;0,692;4,287
;;;;0,175;-0,444;3,566
;;;;0,258;-0,336;3,407
;;;;1,008;0,469;4,011
;;;;-0,170;-0,372;3,451
;;;;-0,933;0,367;3,968
;;;;-1,572;0,199;4,020
;;;;0,209;0,051;3,991
;;;;-0,533;0,334;4,304
;;;;0,450;0,230;4,401
;;;;-1,353;-0,129;4,179
;;;;0,289;-0,064;4,168
;;;;-0,126;-0,147;4,046
;;;;-0,546;-0,577;3,528
;;;;-0,789;-0,086;3,672
;;;;-0,221;0,480;4,186
;;;;0,528;1,143;5,138
;;;;-0,816;0,109;4,790
;;;;0,489;0,081;4,827
;;;;0,552;-0,985;3,809
;;;;0,007;-0,480;3,724
;;;;1,363;1,323;5,238
;;;;-0,195;0,307;5,017
;;;;0,656;-0,015;4,878
;;;;0,158;0,157;5,042
;;;;0,350;-0,222;4,757
;;;;0,150;-1,109;3,736
;;;;-0,085;0,077;4,257
;;;;0,859;0,426;4,653
;;;;0,644;0,141;4,623
;;;;-0,907;-0,060;4,506
;;;;0,011;0,944;5,475
;;;;-0,013;0,789;5,886
;;;;0,051;0,620;6,190
;;;;0,848;0,538;6,480
;;;;0,341;0,165;6,430
;;;;-0,347;0,014;6,378
;;;;-0,207;-0,182;6,190
;;;;0,455;-0,077;6,186
;;;;-0,847;-0,122;6,095
;;;;0,420;0,059;6,203
;;;;-0,144;-0,679;5,500
;;;;-0,816;-0,382;5,389
;;;;0,467;0,338;5,880
;;;;-0,358;-0,418;5,326
;;;;0,347;-0,653;4,840
;;;;-0,361;0,359;5,461
;;;;-0,558;0,617;5,934
;;;;-0,080;-0,198;5,490
;;;;0,525;-0,016;5,552
;;;;0,013;0,104;5,663
;;;;0,304;-0,814;4,807
;;;;-0,246;-0,923;4,210
;;;;-0,151;-0,686;3,893
;;;;-0,587;-0,044;4,124
;;;;0,606;0,382;4,523
;;;;0,114;0,340;4,710
;;;;0,368;0,204;4,778
;;;;-0,184;0,151;4,847
;;;;-0,578;-0,279;4,508
;;;;-0,560;-0,027;4,593
;;;;0,518;-0,443;4,160
;;;;-0,707;-0,146;4,192
;;;;1,266;-0,405;3,845
;;;;1,231;-0,788;3,219
;;;;-1,087;0,315;3,850
;;;;2,312;0,522;4,245
;;;;0,041;0,082;4,119
;;;;0,975;-0,943;3,143
;;;;1,454;0,052;3,572
;;;;-1,414;-0,883;2,668
;;;;-0,525;-0,466;2,556
;;;;0,957;-0,629;2,113
;;;;0,199;-1,040;1,325
;;;;-0,840;-0,173;1,568
;;;;1,136;-0,886;0,751
;;;;-1,454;-0,753;0,352
;;;;1,367;-0,863;-0,209
;;;;1,410;-0,125;0,011
;;;;0,167;-0,483;-0,422
;;;;-0,600;0,402;0,173
;;;;0,023;0,313;0,325
;;;;0,287;0,846;1,046
;;;;-0,640;0,183;0,891
;;;;0,045;-0,541;0,277
;;;;-0,603;-0,020;0,473
;;;;-0,353;-0,110;0,371
;;;;0,005;-0,037;0,378
;;;;-1,727;0,116;0,509
;;;;-0,179;0,847;1,309
;;;;-0,846;-0,866;0,104
;;;;-0,483;0,101;0,551
;;;;0,520;0,689;1,200
;;;;1,021;-0,534;0,391
;;;;0,503;0,176;0,780
;;;;-0,431;-0,463;0,247
;;;;-1,031;1,287;1,719
;;;;-0,676;1,245;2,449
;;;;0,049;0,694;2,645
;;;;1,012;1,524;3,891
;;;;-0,689;0,114;3,395
;;;;1,016;0,789;4,139
;;;;-0,671;-0,747;3,077
;;;;0,234;-0,453;2,922
;;;;-0,475;-0,105;2,998
;;;;0,617;0,782;3,822
;;;;-0,228;0,281;3,791
;;;;0,227;-0,308;3,370
;;;;-0,103;0,178;3,671
;;;;-0,012;0,131;3,731
;;;;-1,400;0,022;3,701
;;;;-0,074;-0,231;3,461
;;;;1,398;-0,879;2,675
;;;;-0,285;-1,662;1,365
;;;;0,538;0,009;2,038
;;;;-0,322;-0,082;1,952
;;;;0,945;0,548;2,533
;;;;-1,031;0,533;2,847
;;;;-0,232;-0,880;1,754
;;;;0,415;-0,209;1,897
;;;;0,316;0,679;2,659
;;;;-1,149;0,172;2,560
;;;;-0,060;1,513;4,004
;;;;0,614;1,726;5,125
;;;;0,453;1,917;6,352
;;;;0,551;0,612;6,197
;;;;-0,087;0,850;6,802
;;;;0,578;0,212;6,674
;;;;-0,254;-0,376;6,213
;;;;-0,919;-0,383;5,980
;;;;0,389;0,620;6,753
;;;;0,139;-0,023;6,483
;;;;-0,155;0,116;6,608
;;;;-0,062;-0,889;5,672
;;;;0,995;0,359;6,387
;;;;0,680;0,463;6,706
;;;;-0,996;0,707;7,228
;;;;0,122;0,229;7,174
;;;;-0,823;0,205;7,287
;;;;0,925;0,648;7,853
;;;;-0,489;0,383;7,977
;;;;-0,158;0,920;8,743
;;;;0,553;-0,326;8,050
;;;;0,903;-0,696;7,484
;;;;0,906;-0,651;7,112
;;;;-0,021;0,294;7,666
;;;;-0,512;-0,153;7,395
;;;;-0,486;-0,048;7,408
;;;;-0,300;0,145;7,572
;;;;-0,674;-0,673;6,842
;;;;1,924;-0,768;6,343
;;;;0,475;-0,225;6,425
;;;;-0,926;0,352;6,866
;;;;0,070;-0,530;6,196
;;;;0,427;-0,883;5,524
;;;;-0,345;-0,930;4,948
;;;;0,132;0,595;5,915
;;;;0,058;-0,018;5,659
;;;;-1,424;-0,413;5,254
;;;;-0,944;-0,340;5,079
;;;;-0,310;0,040;5,255
;;;;-0,366;0,334;5,573
;;;;0,550;0,777;6,216
;;;;-0,479;0,368;6,273
;;;;-0,036;-0,273;5,853
;;;;0,652;0,411;6,373
;;;;0,525;1,017;7,225
;;;;0,278;0,481;7,300
;;;;-0,370;-0,223;6,885
;;;;-0,099;0,118;7,092
;;;;-0,239;-0,406;6,639
;;;;-0,424;-1,173;5,628
;;;;-0,001;-1,017;5,081
;;;;0,286;0,187;5,674
;;;;-0,345;-0,207;5,393
;;;;-0,297;-0,285;5,191
;;;;0,117;-0,160;5,144
;;;;-0,709;-0,217;4,991
;;;;-0,771;-0,787;4,292
;;;;-0,126;0,721;5,327
;;;;0,187;1,105;6,144
;;;;0,501;0,355;6,057
;;;;-0,756;0,074;5,989
;;;;-0,387;0,053;6,012
;;;;-0,049;0,026;6,017
;;;;-0,151;0,294;6,300
;;;;0,209;-0,040;6,143
;;;;-0,307;-0,039;6,120
;;;;0,867;0,051;6,187
;;;;0,269;0,222;6,388
;;;;0,684;0,232;6,532
;;;;0,250;0,123;6,561
;;;;0,014;0,120;6,632
;;;;0,433;-0,236;6,348
;;;;-0,514;0,301;6,744
;;;;0,187;0,453;7,076
;;;;-0,161;0,537;7,432
;;;;0,324;0,067;7,284
;;;;0,233;0,455;7,713
;;;;0,820;-0,534;6,997
;;;;0,246;-0,194;7,016
;;;;-0,337;-0,122;6,972
;;;;-0,355;0,278;7,299
;;;;-1,142;0,821;8,009
;;;;-0,218;1,064;8,745
;;;;0,071;0,302;8,621
;;;;-0,320;0,571;9,071
;;;;-0,074;-0,250;8,593
;;;;-0,737;-0,451;8,242
;;;;0,676;0,077;8,499
;;;;0,155;0,176;8,644
;;;;0,202;0,932;9,505
;;;;-1,311;-0,021;9,111
;;;;0,713;-0,134;8,986
;;;;-0,055;0,353;9,393
;;;;1,272;-0,699;8,552
;;;;0,670;0,384;9,216
;;;;0,242;0,589;9,651
;;;;0,223;-0,062;9,353
;;;;-0,891;0,198;9,577
;;;;0,534;0,616;10,114
;;;;-0,264;0,485;10,352
;;;;0,809;0,347;10,505
;;;;-0,329;0,524;10,890
;;;;-0,092;-0,034;10,647
;;;;0,033;0,143;10,803
;;;;-0,749;0,078;10,824
;;;;-0,183;0,856;11,649
;;;;0,168;-0,197;11,109
;;;;0,223;0,645;11,833
;;;;-0,122;-0,128;11,447
;;;;-0,250;-0,132;11,367
;;;;-0,262;-0,923;10,497
;;;;-0,234;-0,351;10,514
;;;;-0,418;1,056;11,711
;;;;0,545;0,538;11,826
;;;;-0,381;-1,087;10,524
;;;;-0,038;0,108;11,067
;;;;-0,682;0,248;11,271
;;;;-0,182;0,726;11,897
;;;;0,171;-0,107;11,500
;;;;-0,834;1,000;12,543
;;;;-0,914;-0,125;12,018
;;;;0,047;-0,904;11,164
;;;;-0,101;0,723;12,249
;;;;-0,273;-0,320;11,640
;;;;0,410;-0,756;11,012
;;;;-0,336;-0,405;10,909
;;;;-0,780;0,600;11,670
;;;;0,351;-0,630;10,801
;;;;0,169;-0,353;10,700
;;;;-0,140;-2,186;8,655
;;;;-0,884;0,691;10,220
;;;;0,433;0,277;10,221
;;;;0,154;-0,136;9,974
;;;;-1,159;-0,648;9,380
;;;;0,895;-2,677;6,963
;;;;0,359;0,548;8,582
;;;;-0,349;1,353;9,715
;;;;-0,323;0,914;10,089
;;;;-0,369;1,128;10,851
;;;;0,247;-1,725;8,675
;;;;-0,703;-0,220;9,145
;;;;0,580;-0,869;8,364
;;;;0,029;-0,902;7,810
;;;;0,764;-1,126;7,044
;;;;0,334;-0,222;7,272
;;;;-0,093;-1,091;6,270
;;;;-0,934;-0,633;6,074
;;;;0,404;-0,120;6,207
;;;;1,091;-0,059;6,196
;;;;0,167;1,845;8,065
;;;;1,346;0,228;7,555
;;;;-1,705;-1,202;6,262
;;;;-0,643;1,590;8,333
;;;;-0,560;0,983;8,680
;;;;0,412;2,484;10,771
;;;;0,567;1,478;11,255
;;;;0,111;2,419;13,083
;;;;0,834;2,712;14,827
;;;;-0,520;1,517;15,259
;;;;-0,020;0,456;15,108
;;;;-0,899;-1,066;13,860
;;;;0,511;0,137;14,423
;;;;-0,378;-1,060;13,308
;;;;-1,560;-1,461;12,271
;;;;0,228;-0,450;12,406
;;;;-0,369;0,761;13,346
;;;;1,032;-0,669;12,373
;;;;0,530;-2,062;10,579
;;;;0,323;-1,835;9,569
;;;;0,256;-0,913;9,390
;;;;-0,232;-2,964;6,791
;;;;-0,325;-2,400;5,576
;;;;-1,058;-1,562;4,974
;;;;0,846;-1,044;4,555
;;;;-0,509;0,461;5,433
;;;;-0,814;2,788;8,037
;;;;-0,010;0,416;7,337
;;;;1,640;0,288;7,459
;;;;-0,652;-0,431;6,913
;;;;0,396;0,935;8,020
;;;;-0,155;1,854;9,500
;;;;0,397;0,567;9,325
;;;;1,077;0,518;9,616
;;;;1,076;0,587;9,996
;;;;-0,968;0,555;10,316
;;;;-0,282;0,112;10,206
;;;;0,231;0,153;10,314
;;;;;-0,299;9,954
;;;;;0,566;10,640
;;;;;-0,293;10,120
;;;;;0,857;11,094
;;;;;0,018;10,769
;;;;;-0,471;10,291
;;;;;1,350;11,830
;;;;;1,025;12,315
;;;;;0,699;12,604
;;;;;-0,413;11,911
;;;;;0,560;12,637
;;;;;0,504;12,916
;;;;;0,960;13,675
;;;;;0,479;13,770
;;;;;-0,643;12,936
;;;;;0,339;13,532
;;;;;0,937;14,333
;;;;;-1,442;12,517
;;;;;-0,773;12,320
;;;;;-0,216;12,413
;;;;;-0,715;11,784
;;;;;-0,001;12,069
;;;;;-1,171;10,899
;;;;;-0,912;10,455
;;;;;-0,140;10,680
;;;;;-0,179;10,557
;;;;;-0,049;10,580
;;;;;0,006;10,605
;;;;;0,694;11,297
;;;;;-0,179;10,841
;;;;;-0,471;10,441
;;;;;0,055;10,684
;;;;;0,155;10,817
;;;;;-0,477;10,278
;;;;;-0,024;10,445
;;;;;-0,349;10,105
;;;;;0,428;10,673
;;;;;0,590;11,092
;;;;;-0,658;10,198
;;;;;-0,536;9,926
;;;;;-0,431;9,709
;;;;;0,499;10,380
;;;;;-0,253;9,928
;;;;;-0,057;9,973
;;;;;-0,113;9,882
;;;;;0,215;10,143
;;;;;0,545;10,601
;;;;;-0,433;9,950
;;;;;0,166;10,290
;;;;;0,756;10,979
;;;;;0,850;11,527
;;;;;0,203;11,390
;;;;;-0,705;10,604
;;;;;-0,704;10,182
;;;;;-0,100;10,363
;;;;;0,096;10,500
;;;;;0,237;10,698
;;;;;-0,234;10,370
;;;;;-0,908;9,556
;;;;;-0,125;9,794
;;;;;-0,027;9,817
;;;;;-0,326;9,502
;;;;;0,143;9,775
;;;;;0,580;10,298
;;;;;0,100;10,166
;;;;;0,389;10,515
;;;;;-0,922;9,437
;;;;;-0,022;9,784
;;;;;0,436;10,228
;;;;;-0,595;9,459
;;;;;-0,559;9,138
;;;;;-0,017;9,345
;;;;;0,671;10,023
;;;;;0,750;10,504
;;;;;-0,117;10,088
;;;;;-0,401;9,733
;;;;;-0,340;9,554
;;;;;0,173;9,862
;;;;;0,320;10,113
;;;;;0,220;10,205
;;;;;-0,517;9,600
;;;;;-0,383;9,424
;;;;;0,377;9,954
;;;;;0,416;10,220
;;;;;1,325;11,378
;;;;;0,884;11,732
;;;;;-0,618;10,760
;;;;;0,372;11,379
;;;;;0,102;11,333
;;;;;-0,094;11,198
;;;;;-0,484;10,752
;;;;;-0,367;10,579
;;;;;-0,226;10,500
;;;;;0,113;10,703
;;;;;-0,698;9,960
;;;;;-0,458;9,781
;;;;;-0,967;8,998
;;;;;0,011;9,396
;;;;;-0,060;9,331
;;;;;-0,123;9,232
;;;;;-0,206;9,076
;;;;;-0,176;8,982
;;;;;-0,311;8,741
;;;;;0,833;9,699
;;;;;0,324;9,690
;;;;;-0,080;9,481
;;;;;0,269;9,781
;;;;;0,224;9,897
;;;;;-0,581;9,227
;;;;;-1,024;8,435
;;;;;-0,818;8,027
;;;;;-0,309;8,044
;;;;;0,484;8,652
;;;;;-0,122;8,337
;;;;;-0,120;8,266
;;;;;-0,405;7,909
;;;;;0,039;8,110
;;;;;-0,273;7,821
;;;;;0,128;8,058
;;;;;-0,552;7,455
;;;;;-0,044;7,632
;;;;;-0,520;7,129
;;;;;-0,015;7,322
;;;;;-0,015;7,314
;;;;;-0,215;7,105
;;;;;-0,335;6,856
;;;;;-0,525;6,464
;;;;;-0,260;6,415
;;;;;-0,796;5,723
;;;;;-1,129;4,912
;;;;;-1,402;3,961
;;;;;0,199;4,721
;;;;;0,513;5,154
;;;;;1,094;6,043
;;;;;0,651;6,256
;;;;;0,678;6,674
;;;;;0,836;7,238
;;;;;0,794;7,698
;;;;;1,019;8,399
;;;;;0,442;8,434
;;;;;0,574;8,831
;;;;;-0,308;8,294
;;;;;0,074;8,490
;;;;;-0,219;8,242
;;;;;0,050;8,379
;;;;;-0,585;7,775
;;;;;-0,097;7,912
;;;;;-0,143;7,807
;;;;;-0,571;7,293
;;;;;0,153;7,675
;;;;;-1,201;6,413
;;;;;-0,006;6,887
;;;;;0,818;7,707
;;;;;0,295;7,675
;;;;;-0,414;7,143
;;;;;-0,815;6,494
;;;;;-0,421;6,399
;;;;;0,232;6,799
;;;;;1,110;7,817
;;;;;0,003;7,375
;;;;;0,314;7,688
;;;;;0,181;7,743
;;;;;-0,461;7,210
;;;;;-0,722;6,672
;;;;;-0,559;6,402
;;;;;0,735;7,360
;;;;;0,367;7,434
;;;;;-0,076;7,211
;;;;;-0,357;6,884
;;;;;-0,261;6,766
;;;;;0,256;7,127
;;;;;-0,156;6,869
;;;;;0,891;7,822
;;;;;0,041;7,507
;;;;;-0,175;7,316
;;;;;0,159;7,544
;;;;;-0,220;7,261
;;;;;-0,206;7,142
;;;;;0,618;7,843
;;;;;0,785;8,381
;;;;;1,815;9,882
;;;;;1,056;10,212
;;;;;0,230;10,020
;;;;;-0,516;9,411
;;;;;-0,434;9,184
;;;;;0,453;9,811
;;;;;0,288;9,917
;;;;;-0,207;9,595
;;;;;-0,607;9,071
;;;;;-0,461;8,853
;;;;;-0,167;8,871
;;;;;-0,063;8,874
;;;;;0,125;9,025
;;;;;-0,056;8,919
;;;;;0,512;9,453
;;;;;0,834;10,082
;;;;;0,299;10,047
;;;;;-0,157;9,771
;;;;;-0,909;8,925
;;;;;0,009;9,297
;;;;;-0,511;8,783
;;;;;-0,823;8,164
;;;;;-1,740;6,753
;;;;;-0,958;6,491
;;;;;0,040;6,915
;;;;;-0,243;6,656
;;;;;0,080;6,833
;;;;;-0,366;6,435
;;;;;-0,206;6,375
;;;;;0,124;6,581
;;;;;0,466;6,997
;;;;;1,148;7,959
;;;;;0,196;7,696
;;;;;-0,640;6,978
;;;;;-0,593;6,641
;;;;;0,685;7,563
;;;;;0,982;8,271
;;;;;-0,792;7,087
;;;;;0,342;7,746
;;;;;-0,761;6,848
;;;;;0,166;7,318
;;;;;0,398;7,650
;;;;;0,005;7,495
;;;;;-0,481;7,013
;;;;;0,238;7,443
;;;;;0,475;7,823
;;;;;-0,088;7,545
;;;;;-0,248;7,332
;;;;;0,434;7,866
;;;;;-0,351;7,341
;;;;;0,512;7,993
;;;;;1,062;8,851
;;;;;0,310;8,736
;;;;;-0,472;8,140
;;;;;-0,847;7,481
;;;;;0,333;8,153
;;;;;0,896;8,916
;;;;;-0,226;8,332
;;;;;0,474;8,896
;;;;;0,534;9,241
;;;;;-0,087;8,940
;;;;;0,128;9,103
;;;;;-0,907;8,145
;;;;;-0,239;8,269
;;;;;-1,183;7,181
;;;;;-1,000;6,654
;;;;;0,738;7,792
;;;;;0,959;8,456
;;;;;-0,479;7,593
;;;;;-1,085;6,700
;;;;;-0,700;6,434
;;;;;1,376;8,090
;;;;;1,503;9,042
;;;;;0,480;8,921
;;;;;0,093;8,822
;;;;;-1,799;6,985
;;;;;0,155;7,860
;;;;;0,379;8,177
;;;;;1,104;9,129
;;;;;-0,299;8,389
;;;;;-0,303;8,205
;;;;;-0,185;8,142
;;;;;-1,111;7,105
;;;;;1,207;8,756
;;;;;0,205;8,478
;;;;;-0,877;7,519
;;;;;-1,935;5,935
;;;;;0,416;7,124
;;;;;1,335;8,293
;;;;;-1,387;6,372
;;;;;-0,366;6,561
;;;;;-0,871;5,836
;;;;;-0,874;5,311
;;;;;1,303;6,964
;;;;;0,809;7,252
;;;;;-0,323;6,605
;;;;;-1,079;5,655
;;;;;0,330;6,416
;;;;;0,239;6,523
;;;;;1,141;7,569
;;;;;1,653;8,765
;;;;;1,727;9,831
;;;;;-1,508;7,632
;;;;;-0,282;7,953
;;;;;0,329;8,395
;;;;;1,351;9,614
;;;;;2,790;11,864
;;;;;1,980;12,729
;;;;;-0,355;11,581
;;;;;2,014;13,737
;;;;;1,556;14,487
;;;;;0,463;14,328
;;;;;0,450;14,593
;;;;;0,017;14,431
;;;;;0,861;15,284
;;;;;1,137;16,077
;;;;;1,318;16,940
;;;;;-0,302;16,111
;;;;;0,393;16,625
;;;;;0,508;16,976
;;;;;0,532;17,305
;;;;;0,105;17,197
;;;;;0,592;17,747
;;;;;0,677;18,187
;;;;;-0,177;17,739
;;;;;-0,479;17,331
;;;;;-0,376;17,146
;;;;;-0,085;17,212
;;;;;-0,537;16,709
;;;;;0,840;17,764
;;;;;0,778;18,205
;;;;;1,512;19,406
;;;;;0,216;19,017
;;;;;-0,712;18,219
;;;;;-0,318;18,186
;;;;;0,295;18,608
;;;;;-1,012;17,478
;;;;;-0,176;17,707
;;;;;-0,001;17,777
;;;;;0,333;18,110
;;;;;0,704;18,681
;;;;;0,359;18,758
;;;;;-0,509;18,106
;;;;;-0,290;18,019
;;;;;0,646;18,781
;;;;;-0,622;17,900
;;;;;-0,378;17,771
;;;;;0,023;17,945
;;;;;-2,153;15,783
;;;;;-0,009;16,635
;;;;;0,865;17,504
;;;;;0,303;17,460
;;;;;-0,113;17,226
;;;;;1,071;18,342
;;;;;0,508;18,422
;;;;;-0,882;17,337
;;;;;0,310;18,000
;;;;;-0,295;17,580
;;;;;0,942;18,641
;;;;;-0,004;18,260
;;;;;0,566;18,827
;;;;;0,173;18,773
;;;;;-0,989;17,715
;;;;;-0,297;17,814
;;;;;0,182;18,115
;;;;;0,375;18,416
;;;;;0,496;18,762
;;;;;0,068;18,632
;;;;;-0,797;17,808
;;;;;-0,170;17,957
;;;;;-0,602;17,423
;;;;;0,300;17,963
;;;;;-0,074;17,769
;;;;;-0,595;17,204
;;;;;-0,560;16,882
;;;;;0,329;17,435
;;;;;-0,044;17,260
;;;;;0,027;17,304
;;;;;-0,127;17,167
;;;;;-0,078;17,140
;;;;;-0,102;17,069
;;;;;-0,238;16,871
;;;;;0,523;17,490
;;;;;0,463;17,744
;;;;;0,464;18,022
;;;;;0,775;18,612
;;;;;0,722;19,024
;;;;;0,132;18,867
;;;;;0,487;19,302
;;;;;-0,048;19,059
;;;;;0,363;19,442
;;;;;0,144;19,441
;;;;;0,067;19,450
;;;;;-0,290;19,133
;;;;;0,080;19,329
;;;;;-0,622;18,675
;;;;;-0,067;18,857
;;;;;0,282;19,166
;;;;;0,348;19,402
;;;;;0,067;19,330
;;;;;0,011;19,313
;;;;;-0,091;19,218
;;;;;-0,288;18,967
;;;;;0,146;19,228
;;;;;0,400;19,569
;;;;;0,518;19,928
;;;;;0,084;19,804
;;;;;0,131;19,902
;;;;;0,020;19,870
;;;;;0,059;19,921
;;;;;-0,071;19,827
;;;;;-0,173;19,682
;;;;;-0,563;19,188
;;;;;-0,132;19,282
;;;;;-0,107;19,228
;;;;;0,135;19,405
;;;;;-0,065;19,286
;;;;;0,086;19,398
;;;;;-0,412;18,952
;;;;;-0,227;18,890
;;;;;0,111;19,091
;;;;;0,396;19,443
;;;;;0,154;19,439
;;;;;-0,045;19,333
;;;;;-0,125;19,225
;;;;;0,089;19,365
;;;;;0,846;20,175
;;;;;0,844;20,681
;;;;;0,162;20,505
;;;;;0,416;20,856
;;;;;0,724;21,414
;;;;;-0,558;20,566
;;;;;0,298;21,087
;;;;;-0,061;20,907
;;;;;0,799;21,731
;;;;;0,261;21,672
;;;;;0,455;22,023
;;;;;0,050;21,891
;;;;;0,491;22,362
;;;;;0,684;22,850
;;;;;0,407;22,983
;;;;;0,378;23,198
;;;;;-0,097;22,949
;;;;;0,113;23,101
;;;;;-0,083;22,973
;;;;;-0,519;22,488
;;;;;-0,858;21,838
;;;;;-0,387;21,793
;;;;;0,210;22,158
;;;;;-0,750;21,324
;;;;;-0,487;21,138
;;;;;-0,704;20,629
;;;;;-0,546;20,364
;;;;;0,258;20,841
;;;;;0,067;20,804
;;;;;0,059;20,836
;;;;;0,225;21,038
;;;;;0,247;21,195
;;;;;0,246;21,342
;;;;;0,767;22,010
;;;;;0,421;22,124
;;;;;0,484;22,440
;;;;;0,334;22,581
;;;;;-0,779;21,668
;;;;;-0,969;21,011
;;;;;-0,690;20,708
;;;;;0,102;21,087
;;;;;0,361;21,407
;;;;;0,414;21,677
;;;;;-0,967;20,544
;;;;;-0,092;20,839
;;;;;0,232;21,108
;;;;;0,249;21,264
;;;;;0,325;21,490
;;;;;0,234;21,593
;;;;;-0,363;21,137
;;;;;-0,006;21,276
;;;;;0,307;21,585
;;;;;0,314;21,776
;;;;;-1,032;20,619
;;;;;-1,015;20,016
;;;;;-0,122;20,300
;;;;;-0,096;20,253
;;;;;-0,693;19,598
;;;;;-0,029;19,846
;;;;;-0,079;19,779
;;;;;-0,047;19,764
;;;;;-0,008;19,774
;;;;;-0,590;19,187
;;;;;-0,255;19,168
;;;;;0,035;19,306
;;;;;0,537;19,829
;;;;;0,229;19,843
;;;;;0,290;20,042
;;;;;0,150;20,075
;;;;;0,188;20,203
;;;;;0,548;20,676
;;;;;0,273;20,730
;;;;;0,212;20,832
;;;;;-0,053;20,695
;;;;;-0,214;20,502
;;;;;0,121;20,709
;;;;;-0,315;20,345
;;;;;0,058;20,529
;;;;;0,022;20,528
;;;;;-0,419;20,100
;;;;;-0,082;20,185
;;;;;0,383;20,601
;;;;;0,461;20,909
;;;;;-0,187;20,538
;;;;;-0,238;20,375
;;;;;0,056;20,526
;;;;;0,029;20,533
;;;;;0,464;20,986
;;;;;0,520;21,319
;;;;;-0,444;20,668
;;;;;-0,244;20,601
;;;;;0,305;21,004
;;;;;-0,087;20,795
;;;;;0,066;20,896
;;;;;-0,095;20,774
;;;;;-0,036;20,776
;;;;;-0,274;20,516
;;;;;-0,461;20,166
;;;;;-0,262;20,088
;;;;;-0,300;19,893
;;;;;0,102;20,115
;;;;;0,057;20,131
;;;;;0,461;20,569
;;;;;-0,260;20,125
;;;;;-0,547;19,682
;;;;;0,223;20,124
;;;;;-0,208;19,826
;;;;;0,122;20,032
;;;;;-0,159;19,824
;;;;;-0,586;19,302
;;;;;-0,540;18,996
;;;;;-0,287;18,924
;;;;;0,249;19,289
;;;;;-0,953;18,236
;;;;;0,053;18,670
;;;;;-0,243;18,405
;;;;;-0,249;18,254
;;;;;0,021;18,374
;;;;;-0,488;17,877
;;;;;0,031;18,104
;;;;;-0,864;17,228
;;;;;-0,471;17,103
;;;;;0,170;17,460
;;;;;0,610;18,003
;;;;;0,406;18,165
;;;;;0,367;18,370
;;;;;0,587;18,810
;;;;;0,354;18,929
;;;;;-0,475;18,312
;;;;;0,048;18,551
;;;;;0,492;19,024
;;;;;0,953;19,780
;;;;;0,703;20,101
;;;;;0,245;20,065
;;;;;-0,048;19,919
;;;;;0,373;20,311
;;;;;0,791;20,953
;;;;;0,833;21,470
;;;;;0,251;21,387
;;;;;0,111;21,397
;;;;;0,169;21,522
;;;;;0,915;22,370
;;;;;-0,218;21,786
;;;;;-0,434;21,439
;;;;;0,079;21,692
;;;;;0,248;21,908
;;;;;-0,647;21,161
;;;;;-0,456;20,964
;;;;;-0,373;20,774
;;;;;-0,500;20,423
;;;;;-0,269;20,354
;;;;;0,109;20,571
;;;;;0,736;21,263
;;;;;0,710;21,678
;;;;;-0,096;21,299
;;;;;-0,273;21,064
;;;;;0,074;21,247
;;;;;0,649;21,867
;;;;;1,019;22,626
;;;;;0,924;23,142
;;;;;0,658;23,430
;;;;;-0,728;22,439
;;;;;-0,186;22,545
;;;;;0,179;22,798
;;;;;0,863;23,589
;;;;;-1,328;21,916
;;;;;0,042;22,490
;;;;;0,459;22,932
;;;;;-0,176;22,572
;;;;;-1,503;21,139
;;;;;-0,720;21,021
;;;;;-0,854;20,455
;;;;;0,797;21,593
;;;;;-0,319;20,955
;;;;;-0,448;20,635
;;;;;-0,092;20,722
;;;;;-0,876;19,883
;;;;;0,651;20,884
;;;;;-0,341;20,283
;;;;;-0,779;19,640
;;;;;1,369;21,321
;;;;;0,977;21,750
;;;;;-0,026;21,334
;;;;;1,627;22,971
;;;;;0,963;23,283
;;;;;1,070;23,968
;;;;;1,970;25,510
;;;;;0,086;24,808
;;;;;-0,934;23,839
;;;;;-1,719;22,494
;;;;;-0,105;23,077
;;;;;1,607;24,726
;;;;;0,133;24,216
;;;;;-0,492;23,671
;;;;;-0,956;22,911
;;;;;-0,451;22,843
;;;;;-0,727;22,296
;;;;;-1,513;21,074
;;;;;-0,076;21,603
;;;;;1,040;22,674
;;;;;0,543;22,801
;;;;;-1,870;20,714
;;;;;-1,590;19,871
;;;;;0,609;21,117
;;;;;0,742;21,615
;;;;;1,875;23,193
;;;;;-0,003;22,441
;;;;;-1,263;21,178
;;;;;-1,056;20,628
;;;;;0,160;21,210
;;;;;-0,646;20,500
;;;;;0,371;21,130
;;;;;-0,189;20,792
;;;;;0,054;20,922
;;;;;0,006;20,906
;;;;;1,814;22,718
;;;;;1,285;23,277
;;;;;0,063;22,826
;;;;;-0,233;22,568
;;;;;-0,329;22,332
;;;;;-1,394;21,070
;;;;;0,614;22,242
;;;;;0,459;22,455
;;;;;1,353;23,624
;;;;;1,001;24,084
;;;;;-0,505;23,179
;;;;;0,446;23,827
;;;;;1,142;24,791
;;;;;0,528;24,862
;;;;;-0,393;24,258
;;;;;0,392;24,807
;;;;;1,237;25,887
;;;;;0,672;26,065
;;;;;0,035;25,831
;;;;;-1,107;24,711
;;;;;-0,510;24,643
;;;;;-0,380;24,468
;;;;;-1,517;23,102
;;;;;-1,041;22,668
;;;;;-0,399;22,685
;;;;;-0,583;22,262
;;;;;-1,408;21,087
;;;;;1,147;22,797
;;;;;0,809;23,148
;;;;;1,205;24,029
;;;;;-1,167;22,380
;;;;;-0,257;22,590
;;;;;-0,528;22,165
;;;;;0,992;23,368
;;;;;0,314;23,285
;;;;;-0,734;22,426
;;;;;0,872;23,591
;;;;;2,697;25,940
;;;;;1,067;25,928
;;;;;-1,441;24,061
;;;;;-0,555;24,081
;;;;;-1,457;22,847
;;;;;-1,879;21,550
;;;;;1,319;23,621
;;;;;-0,449;22,645
;;;;;-0,626;22,199
;;;;;-0,180;22,269
;;;;;-3,071;19,270
;;;;;-0,973;19,525
;;;;;-0,739;19,176
;;;;;-0,574;18,897
;;;;;-1,339;17,788
;;;;;-0,971;17,352
;;;;;-1,578;16,163
;;;;;0,991;17,785
;;;;;-1,023;16,366
;;;;;-0,504;16,271
;;;;;-1,471;15,002
;;;;;-0,030;15,560
;;;;;-1,640;13,932
;;;;;-1,814;12,773
;;;;;0,406;13,905
;;;;;1,356;15,099
;;;;;-1,603;12,954
;;;;;-0,091;13,504
;;;;;2,794;16,335
;;;;;-0,380;14,837
;;;;;1,461;16,450
;;;;;1,358;17,224
;;;;;0,987;17,667
;;;;;1,408;18,681
;;;;;1,667;19,785
;;;;;0,457;19,575
;;;;;0,018;19,410
;;;;;1,181;20,583
;;;;;-1,305;18,806
;;;;;-1,108;18,220
;;;;;-1,703;16,961
;;;;;-1,190;16,451
;;;;;-1,871;15,057
;;;;;0,833;16,638
;;;;;0,522;16,827
;;;;;-0,764;15,854
;;;;;0,735;16,894
;;;;;0,328;16,928
;;;;;0,723;17,520
;;;;;0,480;17,711
;;;;;2,495;20,014
;;;;;1,983;20,998
;;;;;0,275;20,480
;;;;;-0,213;20,158
;;;;;-0,046;20,197
;;;;;0,192;20,407
;;;;;-0,422;19,908
;;;;;-0,129;19,948
;;;;;0,375;20,374
;;;;;1,059;21,283
;;;;;0,674;21,534
;;;;;0,226;21,490
;;;;;-0,859;20,540
;;;;;-0,960;19,924
;;;;;0,238;20,547
;;;;;-0,357;20,095
;;;;;0,981;21,218
;;;;;0,450;21,276
;;;;;0,178;21,274
;;;;;0,101;21,304
;;;;;1,843;23,106
;;;;;0,631;23,000
;;;;;-0,389;22,359
;;;;;-0,745;21,770
;;;;;1,191;23,258
;;;;;-1,759;21,022
;;;;;-0,390;21,336
;;;;;0,551;22,043
;;;;;2,092;23,914
;;;;;1,647;24,725
;;;;;0,141;24,207
;;;;;0,048;24,198
;;;;;-0,016;24,163
;;;;;-0,842;23,327
;;;;;0,490;24,154
;;;;;-1,182;22,776
;;;;;-2,060;21,189
;;;;;-1,254;20,759
;;;;;-0,714;20,547
;;;;;-1,678;19,154
;;;;;-0,384;19,441
;;;;;0,033;19,628
;;;;;-0,238;19,376
;;;;;1,384;20,855
;;;;;1,035;21,336
;;;;;0,769;21,692
;;;;;-0,222;21,162
;;;;;-0,041;21,209
;;;;;0,489;21,715
;;;;;1,362;22,881
;;;;;-0,382;21,954
;;;;;-1,178;20,929
;;;;;-0,572;20,828
;;;;;0,112;21,169
;;;;;0,763;21,888
;;;;;-0,897;20,685
;;;;;-0,077;20,967
;;;;;0,317;21,315
;;;;;0,065;21,254
;;;;;-0,188;21,040
;;;;;0,309;21,424
;;;;;-0,083;21,217
;;;;;0,058;21,308
;;;;;0,293;21,578
;;;;;0,338;21,799
;;;;;-0,266;21,397
;;;;;-0,151;21,353
;;;;;0,173;21,586
;;;;;-0,855;20,662
;;;;;-0,994;20,009
;;;;;-0,336;20,071
;;;;;-0,045;20,160
;;;;;0,695;20,874
;;;;;0,011;20,606
;;;;;-0,608;19,994
;;;;;0,226;20,463
;;;;;-0,221;20,152
;;;;;1,302;21,542
;;;;;0,473;21,494
;;;;;-0,371;20,934
;;;;;-0,203;20,879
;;;;;-0,927;20,033
;;;;;-1,117;19,287
;;;;;-0,914;18,820
;;;;;-0,974;18,211
;;;;;-0,951;17,650
;;;;;-0,318;17,713
;;;;;-0,084;17,756
;;;;;-0,408;17,382
;;;;;0,403;17,948
;;;;;0,542;18,329
;;;;;-0,381;17,730
;;;;;-0,195;17,688
;;;;;0,141;17,907
;;;;;0,044;17,895
;;;;;0,248;18,125
;;;;;0,992;19,018
;;;;;0,840;19,461
;;;;;1,014;20,139
;;;;;-0,040;19,694
;;;;;0,489;20,199
;;;;;0,227;20,230
;;;;;-0,364;19,775
;;;;;-0,646;19,275
;;;;;-0,391;19,142
;;;;;1,057;20,355
;;;;;1,049;20,982
;;;;;0,099;20,661
;;;;;-0,778;19,844
;;;;;-1,062;19,093
;;;;;-0,272;19,245
;;;;;0,864;20,218
;;;;;0,368;20,241
;;;;;0,362;20,455
;;;;;-0,746;19,565
;;;;;-0,430;19,433
;;;;;-0,164;19,441
;;;;;0,410;19,917
;;;;;-1,028;18,724
;;;;;0,456;19,592
;;;;;0,279;19,688
;;;;;0,246;19,823
;;;;;0,637;20,361
;;;;;0,271;20,377
;;;;;0,558;20,827
;;;;;0,424;21,028
;;;;;0,167;21,025
;;;;;0,752;21,710
;;;;;0,641;22,050
;;;;;0,101;21,896
;;;;;-0,315;21,540
;;;;;0,400;22,066
;;;;;-0,188;21,718
;;;;;0,013;21,806
;;;;;-0,075;21,726
;;;;;0,177;21,933
;;;;;0,533;22,396
;;;;;0,840;23,023
;;;;;-0,396;22,290
;;;;;-0,392;22,057
;;;;;-0,322;21,892
;;;;;-0,076;21,944
;;;;;-0,386;21,588
;;;;;-0,055;21,688
;;;;;0,276;21,986
;;;;;-0,230;21,646
;;;;;-0,151;21,587
;;;;;-0,162;21,485
;;;;;0,694;22,244
;;;;;-0,216;21,750
;;;;;0,220;22,057
;;;;;0,492;22,461
;;;;;0,076;22,340
;;;;;0,065;22,375
;;;;;-0,195;22,154
;;;;;-0,566;21,666
;;;;;-0,101;21,791
;;;;;0,089;21,920
;;;;;-0,452;21,433
;;;;;-0,018;21,596
;;;;;0,000;21,602
;;;;;-0,145;21,458
;;;;;0,093;21,608
;;;;;-0,557;21,014
;;;;;-0,078;21,159
;;;;;0,412;21,602
;;;;;-0,086;21,352
;;;;;-0,274;21,112
;;;;;-0,294;20,928
;;;;;0,009;21,054
;;;;;-0,049;21,001
;;;;;0,016;21,037
;;;;;0,003;21,034
;;;;;-0,122;20,911
;;;;;-0,843;20,116
;;;;;-0,489;19,964
;;;;;-0,045;20,115
;;;;;-0,781;19,352
;;;;;-0,260;19,404
;;;;;-0,083;19,425
;;;;;-0,186;19,272
;;;;;-0,857;18,490
;;;;;0,019;18,851
;;;;;0,914;19,757
;;;;;1,299;20,690
;;;;;-0,228;19,943
;;;;;-0,265;19,770
;;;;;-0,936;18,939
;;;;;-0,499;18,815
;;;;;0,499;19,513
;;;;;0,468;19,782
;;;;;0,676;20,270
;;;;;0,651;20,651
;;;;;0,090;20,481
;;;;;-0,027;20,417
;;;;;-0,236;20,192
;;;;;-0,284;20,002
;;;;;-0,542;19,574
;;;;;0,509;20,300
;;;;;0,762;20,858
;;;;;0,056;20,609
;;;;;-1,163;19,424
;;;;;-0,404;19,485
;;;;;0,477;20,124
;;;;;-0,344;19,589
;;;;;0,757;20,484
;;;;;1,519;21,699
;;;;;1,089;22,181
;;;;;1,463;23,208
;;;;;0,445;23,068
;;;;;0,519;23,409
;;;;;1,284;24,485
;;;;;0,541;24,512
;;;;;-0,983;23,313
;;;;;-0,934;22,772
;;;;;-1,237;21,909
;;;;;-0,948;21,456
;;;;;-0,336;21,499
;;;;;0,113;21,746
;;;;;0,728;22,428
;;;;;0,900;23,038
;;;;;0,373;23,051
;;;;;0,059;22,961
;;;;;0,644;23,581
;;;;;0,756;24,079
;;;;;0,210;23,987
;;;;;0,565;24,468
;;;;;0,546;24,788
;;;;;0,013;24,583
;;;;;1,128;25,706
;;;;;0,209;25,464
;;;;;-0,298;25,082
;;;;;-0,186;25,015
;;;;;0,264;25,354
;;;;;-0,089;25,159
;;;;;-0,366;24,829
;;;;;-0,203;24,772
;;;;;-0,020;24,834
;;;;;0,437;25,279
;;;;;-0,052;25,052
;;;;;-0,159;24,913
;;;;;-0,354;24,624
;;;;;-0,031;24,734
;;;;;-0,010;24,737
;;;;;-0,373;24,367
;;;;;0,240;24,757
;;;;;-0,688;23,972
;;;;;-0,274;23,974
;;;;;0,087;24,170
;;;;;0,671;24,806
;;;;;0,535;25,073
;;;;;0,630;25,489
;;;;;0,289;25,526
;;;;;1,043;26,453
;;;;;0,583;26,619
;;;;;-0,217;26,169
;;;;;0,344;26,600
;;;;;-0,777;25,685
;;;;;-0,023;25,974
;;;;;0,090;26,073
;;;;;-0,507;25,530
;;;;;-0,089;25,644
;;;;;0,339;26,018
;;;;;-0,443;25,439
;;;;;-0,029;25,587
;;;;;0,235;25,834
;;;;;-0,026;25,714
;;;;;0,175;25,899
;;;;;0,203;26,033
;;;;;-0,229;25,722
;;;;;0,158;25,971
;;;;;0,482;26,390
;;;;;-0,318;25,879
;;;;;-0,549;25,457
;;;;;-1,090;24,587
;;;;;-0,740;24,283
;;;;;-1,130;23,449
;;;;;0,153;24,054
;;;;;-0,069;23,924
;;;;;-0,148;23,804
;;;;;0,508;24,371
;;;;;0,197;24,364
;;;;;-0,496;23,789
;;;;;-0,820;23,168
;;;;;-0,293;23,202
;;;;;0,012;23,332
;;;;;0,021;23,348
;;;;;-0,063;23,276
;;;;;0,009;23,310
;;;;;-0,707;22,600
;;;;;-0,288;22,595
;;;;;0,322;23,032
